VesselFlagCountry,year,workingGroup,stock,speciesCode,CatchCategory,domainBiology,fishDomain,bvType,bvValue,AgeType,AgeGroupPlus,variableType,total,mean,varianceTotal,varianceMean,PSUtype,numPSUs,numSamples,numMeasurements
DK,2023,WGBFAS,cod.27.21,126436,LAN,1_27.3.a.21_Active,,Age,2,ageyear,,Number,2.5029927741,NA,NA,NA,,3,3,135
DK,2023,WGBFAS,cod.27.21,126436,LAN,1_27.3.a.21_Active,,Age,3,ageyear,,Number,0.9881764061,NA,NA,NA,,3,3,135
DK,2023,WGBFAS,cod.27.21,126436,LAN,1_27.3.a.21_Active,,Age,4,ageyear,,Number,1.0702960201,NA,NA,NA,,3,3,135
DK,2023,WGBFAS,cod.27.21,126436,LAN,1_27.3.a.21_Active,,Age,5,ageyear,,Number,0.1479735785,NA,NA,NA,,3,3,135
DK,2023,WGBFAS,cod.27.21,126436,LAN,1_27.3.a.21_Active,,Age,7,ageyear,,Number,0.0577715513,NA,NA,NA,,3,3,135
DK,2023,WGBFAS,cod.27.21,126436,DIS,1_27.3.a.21_Active,,Age,1,ageyear,,Number,25.50201625,NA,NA,NA,,9,9,27
DK,2023,WGBFAS,cod.27.21,126436,DIS,1_27.3.a.21_Active,,Age,2,ageyear,,Number,11.695494391,NA,NA,NA,,9,9,27
DK,2023,WGBFAS,cod.27.21,126436,DIS,1_27.3.a.21_Active,,Age,3,ageyear,,Number,0.1393345051,NA,NA,NA,,9,9,27
DK,2023,WGBFAS,cod.27.21,126436,LAN,1_27.3.a.21_Active,,Length,29,,,Number,0.03,NA,NA,NA,,2,2,165
DK,2023,WGBFAS,cod.27.21,126436,LAN,1_27.3.a.21_Active,,Length,30,,,Number,0.03,NA,NA,NA,,2,2,165
DK,2023,WGBFAS,cod.27.21,126436,LAN,1_27.3.a.21_Active,,Length,31,,,Number,0.14,NA,NA,NA,,2,2,165
DK,2023,WGBFAS,cod.27.21,126436,LAN,1_27.3.a.21_Active,,Length,32,,,Number,0.13,NA,NA,NA,,2,2,165
DK,2023,WGBFAS,cod.27.21,126436,LAN,1_27.3.a.21_Active,,Length,33,,,Number,0.26,NA,NA,NA,,2,2,165
DK,2023,WGBFAS,cod.27.21,126436,LAN,1_27.3.a.21_Active,,Length,34,,,Number,0.34,NA,NA,NA,,2,2,165
DK,2023,WGBFAS,cod.27.21,126436,LAN,1_27.3.a.21_Active,,Length,35,,,Number,0.31,NA,NA,NA,,2,2,165
DK,2023,WGBFAS,cod.27.21,126436,LAN,1_27.3.a.21_Active,,Length,36,,,Number,0.27,NA,NA,NA,,2,2,165
DK,2023,WGBFAS,cod.27.21,126436,LAN,1_27.3.a.21_Active,,Length,37,,,Number,0.31,NA,NA,NA,,2,2,165
DK,2023,WGBFAS,cod.27.21,126436,LAN,1_27.3.a.21_Active,,Length,38,,,Number,0.21,NA,NA,NA,,2,2,165
DK,2023,WGBFAS,cod.27.21,126436,LAN,1_27.3.a.21_Active,,Length,39,,,Number,0.16,NA,NA,NA,,2,2,165
DK,2023,WGBFAS,cod.27.21,126436,LAN,1_27.3.a.21_Active,,Length,40,,,Number,0.18,NA,NA,NA,,2,2,165
DK,2023,WGBFAS,cod.27.21,126436,LAN,1_27.3.a.21_Active,,Length,41,,,Number,0.08,NA,NA,NA,,2,2,165
DK,2023,WGBFAS,cod.27.21,126436,LAN,1_27.3.a.21_Active,,Length,42,,,Number,0.06,NA,NA,NA,,2,2,165
DK,2023,WGBFAS,cod.27.21,126436,LAN,1_27.3.a.21_Active,,Length,43,,,Number,0.13,NA,NA,NA,,2,2,165
DK,2023,WGBFAS,cod.27.21,126436,LAN,1_27.3.a.21_Active,,Length,44,,,Number,0.06,NA,NA,NA,,2,2,165
DK,2023,WGBFAS,cod.27.21,126436,LAN,1_27.3.a.21_Active,,Length,45,,,Number,0.05,NA,NA,NA,,2,2,165
DK,2023,WGBFAS,cod.27.21,126436,LAN,1_27.3.a.21_Active,,Length,46,,,Number,0.03,NA,NA,NA,,2,2,165
DK,2023,WGBFAS,cod.27.21,126436,LAN,1_27.3.a.21_Active,,Length,47,,,Number,0.09,NA,NA,NA,,2,2,165
DK,2023,WGBFAS,cod.27.21,126436,LAN,1_27.3.a.21_Active,,Length,48,,,Number,0.08,NA,NA,NA,,2,2,165
DK,2023,WGBFAS,cod.27.21,126436,LAN,1_27.3.a.21_Active,,Length,49,,,Number,0.03,NA,NA,NA,,2,2,165
DK,2023,WGBFAS,cod.27.21,126436,LAN,1_27.3.a.21_Active,,Length,50,,,Number,0.14,NA,NA,NA,,2,2,165
DK,2023,WGBFAS,cod.27.21,126436,LAN,1_27.3.a.21_Active,,Length,51,,,Number,0.03,NA,NA,NA,,2,2,165
DK,2023,WGBFAS,cod.27.21,126436,LAN,1_27.3.a.21_Active,,Length,52,,,Number,0.11,NA,NA,NA,,2,2,165
DK,2023,WGBFAS,cod.27.21,126436,LAN,1_27.3.a.21_Active,,Length,53,,,Number,0.03,NA,NA,NA,,2,2,165
DK,2023,WGBFAS,cod.27.21,126436,LAN,1_27.3.a.21_Active,,Length,54,,,Number,0.03,NA,NA,NA,,2,2,165
DK,2023,WGBFAS,cod.27.21,126436,LAN,1_27.3.a.21_Active,,Length,55,,,Number,0.07,NA,NA,NA,,2,2,165
DK,2023,WGBFAS,cod.27.21,126436,LAN,1_27.3.a.21_Active,,Length,56,,,Number,0.07,NA,NA,NA,,2,2,165
DK,2023,WGBFAS,cod.27.21,126436,LAN,1_27.3.a.21_Active,,Length,57,,,Number,0.03,NA,NA,NA,,2,2,165
DK,2023,WGBFAS,cod.27.21,126436,LAN,1_27.3.a.21_Active,,Length,58,,,Number,0.07,NA,NA,NA,,2,2,165
DK,2023,WGBFAS,cod.27.21,126436,LAN,1_27.3.a.21_Active,,Length,59,,,Number,0.11,NA,NA,NA,,2,2,165
DK,2023,WGBFAS,cod.27.21,126436,LAN,1_27.3.a.21_Active,,Length,60,,,Number,0.07,NA,NA,NA,,2,2,165
DK,2023,WGBFAS,cod.27.21,126436,LAN,1_27.3.a.21_Active,,Length,61,,,Number,0.11,NA,NA,NA,,2,2,165
DK,2023,WGBFAS,cod.27.21,126436,LAN,1_27.3.a.21_Active,,Length,62,,,Number,0.04,NA,NA,NA,,2,2,165
DK,2023,WGBFAS,cod.27.21,126436,LAN,1_27.3.a.21_Active,,Length,64,,,Number,0.21,NA,NA,NA,,2,2,165
DK,2023,WGBFAS,cod.27.21,126436,LAN,1_27.3.a.21_Active,,Length,65,,,Number,0.13,NA,NA,NA,,2,2,165
DK,2023,WGBFAS,cod.27.21,126436,LAN,1_27.3.a.21_Active,,Length,66,,,Number,0.07,NA,NA,NA,,2,2,165
DK,2023,WGBFAS,cod.27.21,126436,LAN,1_27.3.a.21_Active,,Length,67,,,Number,0.11,NA,NA,NA,,2,2,165
DK,2023,WGBFAS,cod.27.21,126436,LAN,1_27.3.a.21_Active,,Length,68,,,Number,0.07,NA,NA,NA,,2,2,165
DK,2023,WGBFAS,cod.27.21,126436,LAN,1_27.3.a.21_Active,,Length,69,,,Number,0.07,NA,NA,NA,,2,2,165
DK,2023,WGBFAS,cod.27.21,126436,LAN,1_27.3.a.21_Active,,Length,70,,,Number,0.03,NA,NA,NA,,2,2,165
DK,2023,WGBFAS,cod.27.21,126436,LAN,1_27.3.a.21_Active,,Length,71,,,Number,0.03,NA,NA,NA,,2,2,165
DK,2023,WGBFAS,cod.27.21,126436,LAN,1_27.3.a.21_Active,,Length,74,,,Number,0.03,NA,NA,NA,,2,2,165
DK,2023,WGBFAS,cod.27.21,126436,LAN,1_27.3.a.21_Active,,Length,75,,,Number,0.03,NA,NA,NA,,2,2,165
DK,2023,WGBFAS,cod.27.21,126436,LAN,1_27.3.a.21_Active,,Length,78,,,Number,0.03,NA,NA,NA,,2,2,165
DK,2023,WGBFAS,cod.27.21,126436,LAN,1_27.3.a.21_Active,,Length,79,,,Number,0.02,NA,NA,NA,,2,2,165
DK,2023,WGBFAS,cod.27.21,126436,LAN,1_27.3.a.21_Active,,Length,82,,,Number,0.02,NA,NA,NA,,2,2,165
DK,2023,WGBFAS,cod.27.21,126436,LAN,1_27.3.a.21_Active,,Length,86,,,Number,0.02,NA,NA,NA,,2,2,165
DK,2023,WGBFAS,cod.27.21,126436,DIS,1_27.3.a.21_Active,,Length,10,,,Number,0.2745478796,NA,NA,NA,,9,9,216
DK,2023,WGBFAS,cod.27.21,126436,DIS,1_27.3.a.21_Active,,Length,11,,,Number,0.1343684704,NA,NA,NA,,9,9,216
DK,2023,WGBFAS,cod.27.21,126436,DIS,1_27.3.a.21_Active,,Length,12,,,Number,0.8005894461,NA,NA,NA,,9,9,216
DK,2023,WGBFAS,cod.27.21,126436,DIS,1_27.3.a.21_Active,,Length,13,,,Number,0.6839210591,NA,NA,NA,,9,9,216
DK,2023,WGBFAS,cod.27.21,126436,DIS,1_27.3.a.21_Active,,Length,14,,,Number,1.5310130336,NA,NA,NA,,9,9,216
DK,2023,WGBFAS,cod.27.21,126436,DIS,1_27.3.a.21_Active,,Length,15,,,Number,3.941587343,NA,NA,NA,,9,9,216
DK,2023,WGBFAS,cod.27.21,126436,DIS,1_27.3.a.21_Active,,Length,16,,,Number,3.1860587342,NA,NA,NA,,9,9,216
DK,2023,WGBFAS,cod.27.21,126436,DIS,1_27.3.a.21_Active,,Length,17,,,Number,4.9343822667,NA,NA,NA,,9,9,216
DK,2023,WGBFAS,cod.27.21,126436,DIS,1_27.3.a.21_Active,,Length,18,,,Number,1.9217218882,NA,NA,NA,,9,9,216
DK,2023,WGBFAS,cod.27.21,126436,DIS,1_27.3.a.21_Active,,Length,19,,,Number,3.7450204014,NA,NA,NA,,9,9,216
DK,2023,WGBFAS,cod.27.21,126436,DIS,1_27.3.a.21_Active,,Length,20,,,Number,2.9376783623,NA,NA,NA,,9,9,216
DK,2023,WGBFAS,cod.27.21,126436,DIS,1_27.3.a.21_Active,,Length,21,,,Number,1.5216143729,NA,NA,NA,,9,9,216
DK,2023,WGBFAS,cod.27.21,126436,DIS,1_27.3.a.21_Active,,Length,22,,,Number,2.1253004587,NA,NA,NA,,9,9,216
DK,2023,WGBFAS,cod.27.21,126436,DIS,1_27.3.a.21_Active,,Length,23,,,Number,1.8733475777,NA,NA,NA,,9,9,216
DK,2023,WGBFAS,cod.27.21,126436,DIS,1_27.3.a.21_Active,,Length,24,,,Number,1.5201300081,NA,NA,NA,,9,9,216
DK,2023,WGBFAS,cod.27.21,126436,DIS,1_27.3.a.21_Active,,Length,25,,,Number,0.7925871583,NA,NA,NA,,9,9,216
DK,2023,WGBFAS,cod.27.21,126436,DIS,1_27.3.a.21_Active,,Length,26,,,Number,0.4474694012,NA,NA,NA,,9,9,216
DK,2023,WGBFAS,cod.27.21,126436,DIS,1_27.3.a.21_Active,,Length,27,,,Number,0.7920832376,NA,NA,NA,,9,9,216
DK,2023,WGBFAS,cod.27.21,126436,DIS,1_27.3.a.21_Active,,Length,28,,,Number,0.744065405,NA,NA,NA,,9,9,216
DK,2023,WGBFAS,cod.27.21,126436,DIS,1_27.3.a.21_Active,,Length,29,,,Number,0.3786055602,NA,NA,NA,,9,9,216
DK,2023,WGBFAS,cod.27.21,126436,DIS,1_27.3.a.21_Active,,Length,30,,,Number,0.5573380206,NA,NA,NA,,9,9,216
DK,2023,WGBFAS,cod.27.21,126436,DIS,1_27.3.a.21_Active,,Length,31,,,Number,1.0436170564,NA,NA,NA,,9,9,216
DK,2023,WGBFAS,cod.27.21,126436,DIS,1_27.3.a.21_Active,,Length,32,,,Number,0.5888509261,NA,NA,NA,,9,9,216
DK,2023,WGBFAS,cod.27.21,126436,DIS,1_27.3.a.21_Active,,Length,33,,,Number,0.3201139852,NA,NA,NA,,9,9,216
DK,2023,WGBFAS,cod.27.21,126436,DIS,1_27.3.a.21_Active,,Length,34,,,Number,0.1343684704,NA,NA,NA,,9,9,216
DK,2023,WGBFAS,cod.27.21,126436,DIS,1_27.3.a.21_Active,,Length,35,,,Number,0.2032323115,NA,NA,NA,,9,9,216
DK,2023,WGBFAS,cod.27.21,126436,DIS,1_27.3.a.21_Active,,Length,36,,,Number,0.2032323115,NA,NA,NA,,9,9,216
DK,2023,WGBFAS,cod.27.21,126436,LAN,1_27.3.a.21_Active,,Age,2,ageyear,,WeightLive,NA,544.21275014,NA,NA,,3,3,135
DK,2023,WGBFAS,cod.27.21,126436,LAN,1_27.3.a.21_Active,,Age,3,ageyear,,WeightLive,NA,1321.7734522,NA,NA,,3,3,135
DK,2023,WGBFAS,cod.27.21,126436,LAN,1_27.3.a.21_Active,,Age,4,ageyear,,WeightLive,NA,2717.1524597,NA,NA,,3,3,135
DK,2023,WGBFAS,cod.27.21,126436,LAN,1_27.3.a.21_Active,,Age,5,ageyear,,WeightLive,NA,4308.1038493,NA,NA,,3,3,135
DK,2023,WGBFAS,cod.27.21,126436,LAN,1_27.3.a.21_Active,,Age,7,ageyear,,WeightLive,NA,2306.07,NA,NA,,3,3,135
DK,2023,WGBFAS,cod.27.21,126436,DIS,1_27.3.a.21_Active,,Age,1,ageyear,,WeightLive,NA,48.415987201,NA,NA,,9,9,27
DK,2023,WGBFAS,cod.27.21,126436,DIS,1_27.3.a.21_Active,,Age,2,ageyear,,WeightLive,NA,166.44592379,NA,NA,,9,9,27
DK,2023,WGBFAS,cod.27.21,126436,DIS,1_27.3.a.21_Active,,Age,3,ageyear,,WeightLive,NA,246.5,NA,NA,,9,9,27
DK,2023,WGBFAS,cod.27.21,126436,LAN,1_27.3.a.21_Active,,Length,29,,,WeightLive,NA,294.84,NA,NA,,2,2,165
DK,2023,WGBFAS,cod.27.21,126436,LAN,1_27.3.a.21_Active,,Length,30,,,WeightLive,NA,297.18,NA,NA,,2,2,165
DK,2023,WGBFAS,cod.27.21,126436,LAN,1_27.3.a.21_Active,,Length,31,,,WeightLive,NA,326.898,NA,NA,,2,2,165
DK,2023,WGBFAS,cod.27.21,126436,LAN,1_27.3.a.21_Active,,Length,32,,,WeightLive,NA,368.94,NA,NA,,2,2,165
DK,2023,WGBFAS,cod.27.21,126436,LAN,1_27.3.a.21_Active,,Length,33,,,WeightLive,NA,380.08285714,NA,NA,,2,2,165
DK,2023,WGBFAS,cod.27.21,126436,LAN,1_27.3.a.21_Active,,Length,34,,,WeightLive,NA,451.3275,NA,NA,,2,2,165
DK,2023,WGBFAS,cod.27.21,126436,LAN,1_27.3.a.21_Active,,Length,35,,,WeightLive,NA,458.97428571,NA,NA,,2,2,165
DK,2023,WGBFAS,cod.27.21,126436,LAN,1_27.3.a.21_Active,,Length,36,,,WeightLive,NA,478.38375,NA,NA,,2,2,165
DK,2023,WGBFAS,cod.27.21,126436,LAN,1_27.3.a.21_Active,,Length,37,,,WeightLive,NA,558.675,NA,NA,,2,2,165
DK,2023,WGBFAS,cod.27.21,126436,LAN,1_27.3.a.21_Active,,Length,38,,,WeightLive,NA,611.676,NA,NA,,2,2,165
DK,2023,WGBFAS,cod.27.21,126436,LAN,1_27.3.a.21_Active,,Length,39,,,WeightLive,NA,682.4025,NA,NA,,2,2,165
DK,2023,WGBFAS,cod.27.21,126436,LAN,1_27.3.a.21_Active,,Length,40,,,WeightLive,NA,719.082,NA,NA,,2,2,165
DK,2023,WGBFAS,cod.27.21,126436,LAN,1_27.3.a.21_Active,,Length,41,,,WeightLive,NA,762.84,NA,NA,,2,2,165
DK,2023,WGBFAS,cod.27.21,126436,LAN,1_27.3.a.21_Active,,Length,42,,,WeightLive,NA,744.705,NA,NA,,2,2,165
DK,2023,WGBFAS,cod.27.21,126436,LAN,1_27.3.a.21_Active,,Length,43,,,WeightLive,NA,813.4425,NA,NA,,2,2,165
DK,2023,WGBFAS,cod.27.21,126436,LAN,1_27.3.a.21_Active,,Length,44,,,WeightLive,NA,945.4068707,NA,NA,,2,2,165
DK,2023,WGBFAS,cod.27.21,126436,LAN,1_27.3.a.21_Active,,Length,45,,,WeightLive,NA,1004.445,NA,NA,,2,2,165
DK,2023,WGBFAS,cod.27.21,126436,LAN,1_27.3.a.21_Active,,Length,46,,,WeightLive,NA,936,NA,NA,,2,2,165
DK,2023,WGBFAS,cod.27.21,126436,LAN,1_27.3.a.21_Active,,Length,47,,,WeightLive,NA,1103.6377283,NA,NA,,2,2,165
DK,2023,WGBFAS,cod.27.21,126436,LAN,1_27.3.a.21_Active,,Length,48,,,WeightLive,NA,1184.2514708,NA,NA,,2,2,165
DK,2023,WGBFAS,cod.27.21,126436,LAN,1_27.3.a.21_Active,,Length,49,,,WeightLive,NA,930.15,NA,NA,,2,2,165
DK,2023,WGBFAS,cod.27.21,126436,LAN,1_27.3.a.21_Active,,Length,50,,,WeightLive,NA,1196.9594773,NA,NA,,2,2,165
DK,2023,WGBFAS,cod.27.21,126436,LAN,1_27.3.a.21_Active,,Length,51,,,WeightLive,NA,1351.35,NA,NA,,2,2,165
DK,2023,WGBFAS,cod.27.21,126436,LAN,1_27.3.a.21_Active,,Length,52,,,WeightLive,NA,1492.14,NA,NA,,2,2,165
DK,2023,WGBFAS,cod.27.21,126436,LAN,1_27.3.a.21_Active,,Length,53,,,WeightLive,NA,1357.2,NA,NA,,2,2,165
DK,2023,WGBFAS,cod.27.21,126436,LAN,1_27.3.a.21_Active,,Length,54,,,WeightLive,NA,1877.85,NA,NA,,2,2,165
DK,2023,WGBFAS,cod.27.21,126436,LAN,1_27.3.a.21_Active,,Length,55,,,WeightLive,NA,1633.32,NA,NA,,2,2,165
DK,2023,WGBFAS,cod.27.21,126436,LAN,1_27.3.a.21_Active,,Length,56,,,WeightLive,NA,1582.425,NA,NA,,2,2,165
DK,2023,WGBFAS,cod.27.21,126436,LAN,1_27.3.a.21_Active,,Length,57,,,WeightLive,NA,2028.78,NA,NA,,2,2,165
DK,2023,WGBFAS,cod.27.21,126436,LAN,1_27.3.a.21_Active,,Length,58,,,WeightLive,NA,1925.82,NA,NA,,2,2,165
DK,2023,WGBFAS,cod.27.21,126436,LAN,1_27.3.a.21_Active,,Length,59,,,WeightLive,NA,1912.5928603,NA,NA,,2,2,165
DK,2023,WGBFAS,cod.27.21,126436,LAN,1_27.3.a.21_Active,,Length,60,,,WeightLive,NA,1911.78,NA,NA,,2,2,165
DK,2023,WGBFAS,cod.27.21,126436,LAN,1_27.3.a.21_Active,,Length,61,,,WeightLive,NA,2257.2214681,NA,NA,,2,2,165
DK,2023,WGBFAS,cod.27.21,126436,LAN,1_27.3.a.21_Active,,Length,62,,,WeightLive,NA,2262.78,NA,NA,,2,2,165
DK,2023,WGBFAS,cod.27.21,126436,LAN,1_27.3.a.21_Active,,Length,64,,,WeightLive,NA,2515.8226075,NA,NA,,2,2,165
DK,2023,WGBFAS,cod.27.21,126436,LAN,1_27.3.a.21_Active,,Length,65,,,WeightLive,NA,3012.4575,NA,NA,,2,2,165
DK,2023,WGBFAS,cod.27.21,126436,LAN,1_27.3.a.21_Active,,Length,66,,,WeightLive,NA,3159,NA,NA,,2,2,165
DK,2023,WGBFAS,cod.27.21,126436,LAN,1_27.3.a.21_Active,,Length,67,,,WeightLive,NA,2969.7525,NA,NA,,2,2,165
DK,2023,WGBFAS,cod.27.21,126436,LAN,1_27.3.a.21_Active,,Length,68,,,WeightLive,NA,3560.895,NA,NA,,2,2,165
DK,2023,WGBFAS,cod.27.21,126436,LAN,1_27.3.a.21_Active,,Length,69,,,WeightLive,NA,3271.32,NA,NA,,2,2,165
DK,2023,WGBFAS,cod.27.21,126436,LAN,1_27.3.a.21_Active,,Length,70,,,WeightLive,NA,3279.51,NA,NA,,2,2,165
DK,2023,WGBFAS,cod.27.21,126436,LAN,1_27.3.a.21_Active,,Length,71,,,WeightLive,NA,3336.84,NA,NA,,2,2,165
DK,2023,WGBFAS,cod.27.21,126436,LAN,1_27.3.a.21_Active,,Length,74,,,WeightLive,NA,4285.71,NA,NA,,2,2,165
DK,2023,WGBFAS,cod.27.21,126436,LAN,1_27.3.a.21_Active,,Length,75,,,WeightLive,NA,4188.6,NA,NA,,2,2,165
DK,2023,WGBFAS,cod.27.21,126436,LAN,1_27.3.a.21_Active,,Length,78,,,WeightLive,NA,5328.18,NA,NA,,2,2,165
DK,2023,WGBFAS,cod.27.21,126436,LAN,1_27.3.a.21_Active,,Length,79,,,WeightLive,NA,5185.44,NA,NA,,2,2,165
DK,2023,WGBFAS,cod.27.21,126436,LAN,1_27.3.a.21_Active,,Length,82,,,WeightLive,NA,5655.78,NA,NA,,2,2,165
DK,2023,WGBFAS,cod.27.21,126436,LAN,1_27.3.a.21_Active,,Length,86,,,WeightLive,NA,6624.54,NA,NA,,2,2,165
DK,2023,WGBFAS,cod.27.21,126436,DIS,1_27.3.a.21_Active,,Length,10,,,WeightLive,NA,5,NA,NA,,9,9,216
DK,2023,WGBFAS,cod.27.21,126436,DIS,1_27.3.a.21_Active,,Length,11,,,WeightLive,NA,11,NA,NA,,9,9,216
DK,2023,WGBFAS,cod.27.21,126436,DIS,1_27.3.a.21_Active,,Length,12,,,WeightLive,NA,14.666666667,NA,NA,,9,9,216
DK,2023,WGBFAS,cod.27.21,126436,DIS,1_27.3.a.21_Active,,Length,13,,,WeightLive,NA,23.25,NA,NA,,9,9,216
DK,2023,WGBFAS,cod.27.21,126436,DIS,1_27.3.a.21_Active,,Length,14,,,WeightLive,NA,25.666666667,NA,NA,,9,9,216
DK,2023,WGBFAS,cod.27.21,126436,DIS,1_27.3.a.21_Active,,Length,15,,,WeightLive,NA,29.5,NA,NA,,9,9,216
DK,2023,WGBFAS,cod.27.21,126436,DIS,1_27.3.a.21_Active,,Length,16,,,WeightLive,NA,37.888888889,NA,NA,,9,9,216
DK,2023,WGBFAS,cod.27.21,126436,DIS,1_27.3.a.21_Active,,Length,17,,,WeightLive,NA,43.25,NA,NA,,9,9,216
DK,2023,WGBFAS,cod.27.21,126436,DIS,1_27.3.a.21_Active,,Length,18,,,WeightLive,NA,50,NA,NA,,9,9,216
DK,2023,WGBFAS,cod.27.21,126436,DIS,1_27.3.a.21_Active,,Length,19,,,WeightLive,NA,63.625,NA,NA,,9,9,216
DK,2023,WGBFAS,cod.27.21,126436,DIS,1_27.3.a.21_Active,,Length,20,,,WeightLive,NA,69.6,NA,NA,,9,9,216
DK,2023,WGBFAS,cod.27.21,126436,DIS,1_27.3.a.21_Active,,Length,21,,,WeightLive,NA,78.142857143,NA,NA,,9,9,216
DK,2023,WGBFAS,cod.27.21,126436,DIS,1_27.3.a.21_Active,,Length,22,,,WeightLive,NA,94.090909091,NA,NA,,9,9,216
DK,2023,WGBFAS,cod.27.21,126436,DIS,1_27.3.a.21_Active,,Length,23,,,WeightLive,NA,109.2,NA,NA,,9,9,216
DK,2023,WGBFAS,cod.27.21,126436,DIS,1_27.3.a.21_Active,,Length,24,,,WeightLive,NA,110.375,NA,NA,,9,9,216
DK,2023,WGBFAS,cod.27.21,126436,DIS,1_27.3.a.21_Active,,Length,25,,,WeightLive,NA,144.4,NA,NA,,9,9,216
DK,2023,WGBFAS,cod.27.21,126436,DIS,1_27.3.a.21_Active,,Length,26,,,WeightLive,NA,149.33333333,NA,NA,,9,9,216
DK,2023,WGBFAS,cod.27.21,126436,DIS,1_27.3.a.21_Active,,Length,27,,,WeightLive,NA,175.66666667,NA,NA,,9,9,216
DK,2023,WGBFAS,cod.27.21,126436,DIS,1_27.3.a.21_Active,,Length,28,,,WeightLive,NA,203,NA,NA,,9,9,216
DK,2023,WGBFAS,cod.27.21,126436,DIS,1_27.3.a.21_Active,,Length,29,,,WeightLive,NA,201.5,NA,NA,,9,9,216
DK,2023,WGBFAS,cod.27.21,126436,DIS,1_27.3.a.21_Active,,Length,30,,,WeightLive,NA,246.5,NA,NA,,9,9,216
DK,2023,WGBFAS,cod.27.21,126436,DIS,1_27.3.a.21_Active,,Length,31,,,WeightLive,NA,282.6,NA,NA,,9,9,216
DK,2023,WGBFAS,cod.27.21,126436,DIS,1_27.3.a.21_Active,,Length,32,,,WeightLive,NA,283.33333333,NA,NA,,9,9,216
DK,2023,WGBFAS,cod.27.21,126436,DIS,1_27.3.a.21_Active,,Length,33,,,WeightLive,NA,286,NA,NA,,9,9,216
DK,2023,WGBFAS,cod.27.21,126436,DIS,1_27.3.a.21_Active,,Length,34,,,WeightLive,NA,357,NA,NA,,9,9,216
DK,2023,WGBFAS,cod.27.21,126436,DIS,1_27.3.a.21_Active,,Length,35,,,WeightLive,NA,361,NA,NA,,9,9,216
DK,2023,WGBFAS,cod.27.21,126436,DIS,1_27.3.a.21_Active,,Length,36,,,WeightLive,NA,520,NA,NA,,9,9,216
DK,2023,WGBFAS,cod.27.21,126436,LAN,1_27.3.a.21_Passive,,Age,2,ageyear,,Number,0.0305921871,NA,NA,NA,,3,3,135
DK,2023,WGBFAS,cod.27.21,126436,LAN,1_27.3.a.21_Passive,,Age,3,ageyear,,Number,0.0480857179,NA,NA,NA,,3,3,135
DK,2023,WGBFAS,cod.27.21,126436,LAN,1_27.3.a.21_Passive,,Age,4,ageyear,,Number,0.0566888129,NA,NA,NA,,3,3,135
DK,2023,WGBFAS,cod.27.21,126436,LAN,1_27.3.a.21_Passive,,Age,5,ageyear,,Number,0.0023613201,NA,NA,NA,,3,3,135
DK,2023,WGBFAS,cod.27.21,126436,LAN,1_27.3.a.21_Passive,,Age,7,ageyear,,Number,0.0013824146,NA,NA,NA,,3,3,135
DK,2023,WGBFAS,cod.27.21,126436,LAN,1_27.3.a.21_Passive,,Length,29,,,Number,0,NA,NA,NA,,2,2,165
DK,2023,WGBFAS,cod.27.21,126436,LAN,1_27.3.a.21_Passive,,Length,30,,,Number,0,NA,NA,NA,,2,2,165
DK,2023,WGBFAS,cod.27.21,126436,LAN,1_27.3.a.21_Passive,,Length,31,,,Number,0,NA,NA,NA,,2,2,165
DK,2023,WGBFAS,cod.27.21,126436,LAN,1_27.3.a.21_Passive,,Length,32,,,Number,0,NA,NA,NA,,2,2,165
DK,2023,WGBFAS,cod.27.21,126436,LAN,1_27.3.a.21_Passive,,Length,33,,,Number,0,NA,NA,NA,,2,2,165
DK,2023,WGBFAS,cod.27.21,126436,LAN,1_27.3.a.21_Passive,,Length,34,,,Number,0,NA,NA,NA,,2,2,165
DK,2023,WGBFAS,cod.27.21,126436,LAN,1_27.3.a.21_Passive,,Length,35,,,Number,0,NA,NA,NA,,2,2,165
DK,2023,WGBFAS,cod.27.21,126436,LAN,1_27.3.a.21_Passive,,Length,36,,,Number,0,NA,NA,NA,,2,2,165
DK,2023,WGBFAS,cod.27.21,126436,LAN,1_27.3.a.21_Passive,,Length,37,,,Number,0,NA,NA,NA,,2,2,165
DK,2023,WGBFAS,cod.27.21,126436,LAN,1_27.3.a.21_Passive,,Length,38,,,Number,0,NA,NA,NA,,2,2,165
DK,2023,WGBFAS,cod.27.21,126436,LAN,1_27.3.a.21_Passive,,Length,39,,,Number,0,NA,NA,NA,,2,2,165
DK,2023,WGBFAS,cod.27.21,126436,LAN,1_27.3.a.21_Passive,,Length,40,,,Number,0,NA,NA,NA,,2,2,165
DK,2023,WGBFAS,cod.27.21,126436,LAN,1_27.3.a.21_Passive,,Length,41,,,Number,0,NA,NA,NA,,2,2,165
DK,2023,WGBFAS,cod.27.21,126436,LAN,1_27.3.a.21_Passive,,Length,42,,,Number,0,NA,NA,NA,,2,2,165
DK,2023,WGBFAS,cod.27.21,126436,LAN,1_27.3.a.21_Passive,,Length,43,,,Number,0,NA,NA,NA,,2,2,165
DK,2023,WGBFAS,cod.27.21,126436,LAN,1_27.3.a.21_Passive,,Length,44,,,Number,0,NA,NA,NA,,2,2,165
DK,2023,WGBFAS,cod.27.21,126436,LAN,1_27.3.a.21_Passive,,Length,45,,,Number,0,NA,NA,NA,,2,2,165
DK,2023,WGBFAS,cod.27.21,126436,LAN,1_27.3.a.21_Passive,,Length,46,,,Number,0,NA,NA,NA,,2,2,165
DK,2023,WGBFAS,cod.27.21,126436,LAN,1_27.3.a.21_Passive,,Length,47,,,Number,0.01,NA,NA,NA,,2,2,165
DK,2023,WGBFAS,cod.27.21,126436,LAN,1_27.3.a.21_Passive,,Length,48,,,Number,0,NA,NA,NA,,2,2,165
DK,2023,WGBFAS,cod.27.21,126436,LAN,1_27.3.a.21_Passive,,Length,49,,,Number,0,NA,NA,NA,,2,2,165
DK,2023,WGBFAS,cod.27.21,126436,LAN,1_27.3.a.21_Passive,,Length,50,,,Number,0.01,NA,NA,NA,,2,2,165
DK,2023,WGBFAS,cod.27.21,126436,LAN,1_27.3.a.21_Passive,,Length,51,,,Number,0,NA,NA,NA,,2,2,165
DK,2023,WGBFAS,cod.27.21,126436,LAN,1_27.3.a.21_Passive,,Length,52,,,Number,0.01,NA,NA,NA,,2,2,165
DK,2023,WGBFAS,cod.27.21,126436,LAN,1_27.3.a.21_Passive,,Length,53,,,Number,0,NA,NA,NA,,2,2,165
DK,2023,WGBFAS,cod.27.21,126436,LAN,1_27.3.a.21_Passive,,Length,54,,,Number,0,NA,NA,NA,,2,2,165
DK,2023,WGBFAS,cod.27.21,126436,LAN,1_27.3.a.21_Passive,,Length,55,,,Number,0.01,NA,NA,NA,,2,2,165
DK,2023,WGBFAS,cod.27.21,126436,LAN,1_27.3.a.21_Passive,,Length,56,,,Number,0.01,NA,NA,NA,,2,2,165
DK,2023,WGBFAS,cod.27.21,126436,LAN,1_27.3.a.21_Passive,,Length,57,,,Number,0,NA,NA,NA,,2,2,165
DK,2023,WGBFAS,cod.27.21,126436,LAN,1_27.3.a.21_Passive,,Length,58,,,Number,0.01,NA,NA,NA,,2,2,165
DK,2023,WGBFAS,cod.27.21,126436,LAN,1_27.3.a.21_Passive,,Length,59,,,Number,0.01,NA,NA,NA,,2,2,165
DK,2023,WGBFAS,cod.27.21,126436,LAN,1_27.3.a.21_Passive,,Length,60,,,Number,0.01,NA,NA,NA,,2,2,165
DK,2023,WGBFAS,cod.27.21,126436,LAN,1_27.3.a.21_Passive,,Length,61,,,Number,0.01,NA,NA,NA,,2,2,165
DK,2023,WGBFAS,cod.27.21,126436,LAN,1_27.3.a.21_Passive,,Length,62,,,Number,0,NA,NA,NA,,2,2,165
DK,2023,WGBFAS,cod.27.21,126436,LAN,1_27.3.a.21_Passive,,Length,64,,,Number,0.01,NA,NA,NA,,2,2,165
DK,2023,WGBFAS,cod.27.21,126436,LAN,1_27.3.a.21_Passive,,Length,65,,,Number,0,NA,NA,NA,,2,2,165
DK,2023,WGBFAS,cod.27.21,126436,LAN,1_27.3.a.21_Passive,,Length,66,,,Number,0,NA,NA,NA,,2,2,165
DK,2023,WGBFAS,cod.27.21,126436,LAN,1_27.3.a.21_Passive,,Length,67,,,Number,0,NA,NA,NA,,2,2,165
DK,2023,WGBFAS,cod.27.21,126436,LAN,1_27.3.a.21_Passive,,Length,68,,,Number,0,NA,NA,NA,,2,2,165
DK,2023,WGBFAS,cod.27.21,126436,LAN,1_27.3.a.21_Passive,,Length,69,,,Number,0,NA,NA,NA,,2,2,165
DK,2023,WGBFAS,cod.27.21,126436,LAN,1_27.3.a.21_Passive,,Length,70,,,Number,0,NA,NA,NA,,2,2,165
DK,2023,WGBFAS,cod.27.21,126436,LAN,1_27.3.a.21_Passive,,Length,71,,,Number,0,NA,NA,NA,,2,2,165
DK,2023,WGBFAS,cod.27.21,126436,LAN,1_27.3.a.21_Passive,,Length,74,,,Number,0,NA,NA,NA,,2,2,165
DK,2023,WGBFAS,cod.27.21,126436,LAN,1_27.3.a.21_Passive,,Length,75,,,Number,0,NA,NA,NA,,2,2,165
DK,2023,WGBFAS,cod.27.21,126436,LAN,1_27.3.a.21_Passive,,Length,78,,,Number,0,NA,NA,NA,,2,2,165
DK,2023,WGBFAS,cod.27.21,126436,LAN,1_27.3.a.21_Passive,,Age,2,ageyear,,WeightLive,NA,645.36940126,NA,NA,,3,3,135
DK,2023,WGBFAS,cod.27.21,126436,LAN,1_27.3.a.21_Passive,,Age,3,ageyear,,WeightLive,NA,1389.724588,NA,NA,,3,3,135
DK,2023,WGBFAS,cod.27.21,126436,LAN,1_27.3.a.21_Passive,,Age,4,ageyear,,WeightLive,NA,2237.2768359,NA,NA,,3,3,135
DK,2023,WGBFAS,cod.27.21,126436,LAN,1_27.3.a.21_Passive,,Age,5,ageyear,,WeightLive,NA,3510.4200127,NA,NA,,3,3,135
DK,2023,WGBFAS,cod.27.21,126436,LAN,1_27.3.a.21_Passive,,Age,7,ageyear,,WeightLive,NA,2306.07,NA,NA,,3,3,135
DK,2023,WGBFAS,cod.27.21,126436,LAN,1_27.3.a.21_Passive,,Length,29,,,WeightLive,NA,294.84,NA,NA,,2,2,165
DK,2023,WGBFAS,cod.27.21,126436,LAN,1_27.3.a.21_Passive,,Length,30,,,WeightLive,NA,297.18,NA,NA,,2,2,165
DK,2023,WGBFAS,cod.27.21,126436,LAN,1_27.3.a.21_Passive,,Length,31,,,WeightLive,NA,326.898,NA,NA,,2,2,165
DK,2023,WGBFAS,cod.27.21,126436,LAN,1_27.3.a.21_Passive,,Length,32,,,WeightLive,NA,368.94,NA,NA,,2,2,165
DK,2023,WGBFAS,cod.27.21,126436,LAN,1_27.3.a.21_Passive,,Length,33,,,WeightLive,NA,380.08285714,NA,NA,,2,2,165
DK,2023,WGBFAS,cod.27.21,126436,LAN,1_27.3.a.21_Passive,,Length,34,,,WeightLive,NA,451.3275,NA,NA,,2,2,165
DK,2023,WGBFAS,cod.27.21,126436,LAN,1_27.3.a.21_Passive,,Length,35,,,WeightLive,NA,458.97428571,NA,NA,,2,2,165
DK,2023,WGBFAS,cod.27.21,126436,LAN,1_27.3.a.21_Passive,,Length,36,,,WeightLive,NA,478.38375,NA,NA,,2,2,165
DK,2023,WGBFAS,cod.27.21,126436,LAN,1_27.3.a.21_Passive,,Length,37,,,WeightLive,NA,558.675,NA,NA,,2,2,165
DK,2023,WGBFAS,cod.27.21,126436,LAN,1_27.3.a.21_Passive,,Length,38,,,WeightLive,NA,611.676,NA,NA,,2,2,165
DK,2023,WGBFAS,cod.27.21,126436,LAN,1_27.3.a.21_Passive,,Length,39,,,WeightLive,NA,682.4025,NA,NA,,2,2,165
DK,2023,WGBFAS,cod.27.21,126436,LAN,1_27.3.a.21_Passive,,Length,40,,,WeightLive,NA,719.082,NA,NA,,2,2,165
DK,2023,WGBFAS,cod.27.21,126436,LAN,1_27.3.a.21_Passive,,Length,41,,,WeightLive,NA,762.84,NA,NA,,2,2,165
DK,2023,WGBFAS,cod.27.21,126436,LAN,1_27.3.a.21_Passive,,Length,42,,,WeightLive,NA,744.705,NA,NA,,2,2,165
DK,2023,WGBFAS,cod.27.21,126436,LAN,1_27.3.a.21_Passive,,Length,43,,,WeightLive,NA,813.4425,NA,NA,,2,2,165
DK,2023,WGBFAS,cod.27.21,126436,LAN,1_27.3.a.21_Passive,,Length,44,,,WeightLive,NA,987.66396783,NA,NA,,2,2,165
DK,2023,WGBFAS,cod.27.21,126436,LAN,1_27.3.a.21_Passive,,Length,45,,,WeightLive,NA,1004.445,NA,NA,,2,2,165
DK,2023,WGBFAS,cod.27.21,126436,LAN,1_27.3.a.21_Passive,,Length,46,,,WeightLive,NA,936,NA,NA,,2,2,165
DK,2023,WGBFAS,cod.27.21,126436,LAN,1_27.3.a.21_Passive,,Length,47,,,WeightLive,NA,1110.6859718,NA,NA,,2,2,165
DK,2023,WGBFAS,cod.27.21,126436,LAN,1_27.3.a.21_Passive,,Length,48,,,WeightLive,NA,1208.9921495,NA,NA,,2,2,165
DK,2023,WGBFAS,cod.27.21,126436,LAN,1_27.3.a.21_Passive,,Length,49,,,WeightLive,NA,930.15,NA,NA,,2,2,165
DK,2023,WGBFAS,cod.27.21,126436,LAN,1_27.3.a.21_Passive,,Length,50,,,WeightLive,NA,1198.2441044,NA,NA,,2,2,165
DK,2023,WGBFAS,cod.27.21,126436,LAN,1_27.3.a.21_Passive,,Length,51,,,WeightLive,NA,1351.35,NA,NA,,2,2,165
DK,2023,WGBFAS,cod.27.21,126436,LAN,1_27.3.a.21_Passive,,Length,52,,,WeightLive,NA,1492.14,NA,NA,,2,2,165
DK,2023,WGBFAS,cod.27.21,126436,LAN,1_27.3.a.21_Passive,,Length,53,,,WeightLive,NA,1357.2,NA,NA,,2,2,165
DK,2023,WGBFAS,cod.27.21,126436,LAN,1_27.3.a.21_Passive,,Length,54,,,WeightLive,NA,1877.85,NA,NA,,2,2,165
DK,2023,WGBFAS,cod.27.21,126436,LAN,1_27.3.a.21_Passive,,Length,55,,,WeightLive,NA,1633.32,NA,NA,,2,2,165
DK,2023,WGBFAS,cod.27.21,126436,LAN,1_27.3.a.21_Passive,,Length,56,,,WeightLive,NA,1582.425,NA,NA,,2,2,165
DK,2023,WGBFAS,cod.27.21,126436,LAN,1_27.3.a.21_Passive,,Length,57,,,WeightLive,NA,2028.78,NA,NA,,2,2,165
DK,2023,WGBFAS,cod.27.21,126436,LAN,1_27.3.a.21_Passive,,Length,58,,,WeightLive,NA,1925.82,NA,NA,,2,2,165
DK,2023,WGBFAS,cod.27.21,126436,LAN,1_27.3.a.21_Passive,,Length,59,,,WeightLive,NA,1826.6222602,NA,NA,,2,2,165
DK,2023,WGBFAS,cod.27.21,126436,LAN,1_27.3.a.21_Passive,,Length,60,,,WeightLive,NA,1911.78,NA,NA,,2,2,165
DK,2023,WGBFAS,cod.27.21,126436,LAN,1_27.3.a.21_Passive,,Length,61,,,WeightLive,NA,2099.7059528,NA,NA,,2,2,165
DK,2023,WGBFAS,cod.27.21,126436,LAN,1_27.3.a.21_Passive,,Length,62,,,WeightLive,NA,2262.78,NA,NA,,2,2,165
DK,2023,WGBFAS,cod.27.21,126436,LAN,1_27.3.a.21_Passive,,Length,64,,,WeightLive,NA,2391.1195737,NA,NA,,2,2,165
DK,2023,WGBFAS,cod.27.21,126436,LAN,1_27.3.a.21_Passive,,Length,65,,,WeightLive,NA,3012.4575,NA,NA,,2,2,165
DK,2023,WGBFAS,cod.27.21,126436,LAN,1_27.3.a.21_Passive,,Length,66,,,WeightLive,NA,3159,NA,NA,,2,2,165
DK,2023,WGBFAS,cod.27.21,126436,LAN,1_27.3.a.21_Passive,,Length,67,,,WeightLive,NA,2969.7525,NA,NA,,2,2,165
DK,2023,WGBFAS,cod.27.21,126436,LAN,1_27.3.a.21_Passive,,Length,68,,,WeightLive,NA,3560.895,NA,NA,,2,2,165
DK,2023,WGBFAS,cod.27.21,126436,LAN,1_27.3.a.21_Passive,,Length,69,,,WeightLive,NA,3271.32,NA,NA,,2,2,165
DK,2023,WGBFAS,cod.27.21,126436,LAN,1_27.3.a.21_Passive,,Length,70,,,WeightLive,NA,3279.51,NA,NA,,2,2,165
DK,2023,WGBFAS,cod.27.21,126436,LAN,1_27.3.a.21_Passive,,Length,71,,,WeightLive,NA,3336.84,NA,NA,,2,2,165
DK,2023,WGBFAS,cod.27.21,126436,LAN,1_27.3.a.21_Passive,,Length,74,,,WeightLive,NA,4285.71,NA,NA,,2,2,165
DK,2023,WGBFAS,cod.27.21,126436,LAN,1_27.3.a.21_Passive,,Length,75,,,WeightLive,NA,4188.6,NA,NA,,2,2,165
DK,2023,WGBFAS,cod.27.21,126436,LAN,1_27.3.a.21_Passive,,Length,78,,,WeightLive,NA,5328.18,NA,NA,,2,2,165
DK,2023,WGBFAS,cod.27.21,126436,LAN,2_27.3.a.21_Active,,Age,1,ageyear,,Number,0.0720842895,NA,NA,NA,,2,2,49
DK,2023,WGBFAS,cod.27.21,126436,LAN,2_27.3.a.21_Active,,Age,2,ageyear,,Number,2.3037816375,NA,NA,NA,,2,2,49
DK,2023,WGBFAS,cod.27.21,126436,LAN,2_27.3.a.21_Active,,Age,3,ageyear,,Number,0.725773479,NA,NA,NA,,2,2,49
DK,2023,WGBFAS,cod.27.21,126436,LAN,2_27.3.a.21_Active,,Age,4,ageyear,,Number,0.5095215691,NA,NA,NA,,2,2,49
DK,2023,WGBFAS,cod.27.21,126436,LAN,2_27.3.a.21_Active,,Age,5,ageyear,,Number,0.1413000159,NA,NA,NA,,2,2,49
DK,2023,WGBFAS,cod.27.21,126436,DIS,2_27.3.a.21_Active,,Age,0,ageyear,,Number,1.0769150875,NA,NA,NA,,16,16,50
DK,2023,WGBFAS,cod.27.21,126436,DIS,2_27.3.a.21_Active,,Age,1,ageyear,,Number,60.588771612,NA,NA,NA,,16,16,50
DK,2023,WGBFAS,cod.27.21,126436,DIS,2_27.3.a.21_Active,,Age,2,ageyear,,Number,18.954454935,NA,NA,NA,,16,16,50
DK,2023,WGBFAS,cod.27.21,126436,DIS,2_27.3.a.21_Active,,Age,3,ageyear,,Number,0.5517738796,NA,NA,NA,,16,16,50
DK,2023,WGBFAS,cod.27.21,126436,DIS,2_27.3.a.21_Active,,Age,4,ageyear,,Number,0.4077915328,NA,NA,NA,,16,16,50
DK,2023,WGBFAS,cod.27.21,126436,LAN,2_27.3.a.21_Active,,Length,30,,,Number,0.57,NA,NA,NA,,1,1,49
DK,2023,WGBFAS,cod.27.21,126436,LAN,2_27.3.a.21_Active,,Length,31,,,Number,0.22,NA,NA,NA,,1,1,49
DK,2023,WGBFAS,cod.27.21,126436,LAN,2_27.3.a.21_Active,,Length,32,,,Number,0.36,NA,NA,NA,,1,1,49
DK,2023,WGBFAS,cod.27.21,126436,LAN,2_27.3.a.21_Active,,Length,33,,,Number,0.35,NA,NA,NA,,1,1,49
DK,2023,WGBFAS,cod.27.21,126436,LAN,2_27.3.a.21_Active,,Length,34,,,Number,0.3,NA,NA,NA,,1,1,49
DK,2023,WGBFAS,cod.27.21,126436,LAN,2_27.3.a.21_Active,,Length,35,,,Number,0.14,NA,NA,NA,,1,1,49
DK,2023,WGBFAS,cod.27.21,126436,LAN,2_27.3.a.21_Active,,Length,36,,,Number,0.21,NA,NA,NA,,1,1,49
DK,2023,WGBFAS,cod.27.21,126436,LAN,2_27.3.a.21_Active,,Length,38,,,Number,0.22,NA,NA,NA,,1,1,49
DK,2023,WGBFAS,cod.27.21,126436,LAN,2_27.3.a.21_Active,,Length,39,,,Number,0.07,NA,NA,NA,,1,1,49
DK,2023,WGBFAS,cod.27.21,126436,LAN,2_27.3.a.21_Active,,Length,41,,,Number,0.07,NA,NA,NA,,1,1,49
DK,2023,WGBFAS,cod.27.21,126436,LAN,2_27.3.a.21_Active,,Length,43,,,Number,0.07,NA,NA,NA,,1,1,49
DK,2023,WGBFAS,cod.27.21,126436,LAN,2_27.3.a.21_Active,,Length,45,,,Number,0.07,NA,NA,NA,,1,1,49
DK,2023,WGBFAS,cod.27.21,126436,LAN,2_27.3.a.21_Active,,Length,47,,,Number,0.07,NA,NA,NA,,1,1,49
DK,2023,WGBFAS,cod.27.21,126436,LAN,2_27.3.a.21_Active,,Length,54,,,Number,0.18,NA,NA,NA,,1,1,49
DK,2023,WGBFAS,cod.27.21,126436,LAN,2_27.3.a.21_Active,,Length,55,,,Number,0.09,NA,NA,NA,,1,1,49
DK,2023,WGBFAS,cod.27.21,126436,LAN,2_27.3.a.21_Active,,Length,56,,,Number,0.09,NA,NA,NA,,1,1,49
DK,2023,WGBFAS,cod.27.21,126436,LAN,2_27.3.a.21_Active,,Length,57,,,Number,0.09,NA,NA,NA,,1,1,49
DK,2023,WGBFAS,cod.27.21,126436,LAN,2_27.3.a.21_Active,,Length,59,,,Number,0.09,NA,NA,NA,,1,1,49
DK,2023,WGBFAS,cod.27.21,126436,LAN,2_27.3.a.21_Active,,Length,62,,,Number,0.13,NA,NA,NA,,1,1,49
DK,2023,WGBFAS,cod.27.21,126436,LAN,2_27.3.a.21_Active,,Length,64,,,Number,0.09,NA,NA,NA,,1,1,49
DK,2023,WGBFAS,cod.27.21,126436,LAN,2_27.3.a.21_Active,,Length,65,,,Number,0.13,NA,NA,NA,,1,1,49
DK,2023,WGBFAS,cod.27.21,126436,LAN,2_27.3.a.21_Active,,Length,67,,,Number,0.13,NA,NA,NA,,1,1,49
DK,2023,WGBFAS,cod.27.21,126436,LAN,2_27.3.a.21_Active,,Length,79,,,Number,0.01,NA,NA,NA,,1,1,49
DK,2023,WGBFAS,cod.27.21,126436,DIS,2_27.3.a.21_Active,,Length,10,,,Number,0.0679918215,NA,NA,NA,,16,16,409
DK,2023,WGBFAS,cod.27.21,126436,DIS,2_27.3.a.21_Active,,Length,11,,,Number,0.3129294683,NA,NA,NA,,16,16,409
DK,2023,WGBFAS,cod.27.21,126436,DIS,2_27.3.a.21_Active,,Length,12,,,Number,1.4778633276,NA,NA,NA,,16,16,409
DK,2023,WGBFAS,cod.27.21,126436,DIS,2_27.3.a.21_Active,,Length,13,,,Number,2.595568955,NA,NA,NA,,16,16,409
DK,2023,WGBFAS,cod.27.21,126436,DIS,2_27.3.a.21_Active,,Length,14,,,Number,4.7065930429,NA,NA,NA,,16,16,409
DK,2023,WGBFAS,cod.27.21,126436,DIS,2_27.3.a.21_Active,,Length,15,,,Number,5.9110988076,NA,NA,NA,,16,16,409
DK,2023,WGBFAS,cod.27.21,126436,DIS,2_27.3.a.21_Active,,Length,16,,,Number,7.3805649836,NA,NA,NA,,16,16,409
DK,2023,WGBFAS,cod.27.21,126436,DIS,2_27.3.a.21_Active,,Length,17,,,Number,8.9945741673,NA,NA,NA,,16,16,409
DK,2023,WGBFAS,cod.27.21,126436,DIS,2_27.3.a.21_Active,,Length,18,,,Number,5.3012899261,NA,NA,NA,,16,16,409
DK,2023,WGBFAS,cod.27.21,126436,DIS,2_27.3.a.21_Active,,Length,19,,,Number,8.1389495253,NA,NA,NA,,16,16,409
DK,2023,WGBFAS,cod.27.21,126436,DIS,2_27.3.a.21_Active,,Length,20,,,Number,7.9727604336,NA,NA,NA,,16,16,409
DK,2023,WGBFAS,cod.27.21,126436,DIS,2_27.3.a.21_Active,,Length,21,,,Number,8.9749353534,NA,NA,NA,,16,16,409
DK,2023,WGBFAS,cod.27.21,126436,DIS,2_27.3.a.21_Active,,Length,22,,,Number,5.2000386058,NA,NA,NA,,16,16,409
DK,2023,WGBFAS,cod.27.21,126436,DIS,2_27.3.a.21_Active,,Length,23,,,Number,6.1543206099,NA,NA,NA,,16,16,409
DK,2023,WGBFAS,cod.27.21,126436,DIS,2_27.3.a.21_Active,,Length,24,,,Number,1.2670027702,NA,NA,NA,,16,16,409
DK,2023,WGBFAS,cod.27.21,126436,DIS,2_27.3.a.21_Active,,Length,25,,,Number,2.6539261397,NA,NA,NA,,16,16,409
DK,2023,WGBFAS,cod.27.21,126436,DIS,2_27.3.a.21_Active,,Length,26,,,Number,1.6530257193,NA,NA,NA,,16,16,409
DK,2023,WGBFAS,cod.27.21,126436,DIS,2_27.3.a.21_Active,,Length,27,,,Number,0.2596907659,NA,NA,NA,,16,16,409
DK,2023,WGBFAS,cod.27.21,126436,DIS,2_27.3.a.21_Active,,Length,28,,,Number,0.3769308361,NA,NA,NA,,16,16,409
DK,2023,WGBFAS,cod.27.21,126436,DIS,2_27.3.a.21_Active,,Length,29,,,Number,0.5746096068,NA,NA,NA,,16,16,409
DK,2023,WGBFAS,cod.27.21,126436,DIS,2_27.3.a.21_Active,,Length,30,,,Number,1.0752081065,NA,NA,NA,,16,16,409
DK,2023,WGBFAS,cod.27.21,126436,DIS,2_27.3.a.21_Active,,Length,31,,,Number,0.0703780782,NA,NA,NA,,16,16,409
DK,2023,WGBFAS,cod.27.21,126436,DIS,2_27.3.a.21_Active,,Length,32,,,Number,0.1383698997,NA,NA,NA,,16,16,409
DK,2023,WGBFAS,cod.27.21,126436,DIS,2_27.3.a.21_Active,,Length,33,,,Number,0.199834722,NA,NA,NA,,16,16,409
DK,2023,WGBFAS,cod.27.21,126436,DIS,2_27.3.a.21_Active,,Length,40,,,Number,0.1212513747,NA,NA,NA,,16,16,409
DK,2023,WGBFAS,cod.27.21,126436,LAN,2_27.3.a.21_Active,,Age,1,ageyear,,WeightLive,NA,320.58,NA,NA,,2,2,49
DK,2023,WGBFAS,cod.27.21,126436,LAN,2_27.3.a.21_Active,,Age,2,ageyear,,WeightLive,NA,361.20501486,NA,NA,,2,2,49
DK,2023,WGBFAS,cod.27.21,126436,LAN,2_27.3.a.21_Active,,Age,3,ageyear,,WeightLive,NA,1322.7108785,NA,NA,,2,2,49
DK,2023,WGBFAS,cod.27.21,126436,LAN,2_27.3.a.21_Active,,Age,4,ageyear,,WeightLive,NA,1970.4130093,NA,NA,,2,2,49
DK,2023,WGBFAS,cod.27.21,126436,LAN,2_27.3.a.21_Active,,Age,5,ageyear,,WeightLive,NA,3086.9276065,NA,NA,,2,2,49
DK,2023,WGBFAS,cod.27.21,126436,DIS,2_27.3.a.21_Active,,Age,0,ageyear,,WeightLive,NA,33.536699474,NA,NA,,16,16,50
DK,2023,WGBFAS,cod.27.21,126436,DIS,2_27.3.a.21_Active,,Age,1,ageyear,,WeightLive,NA,67.645577022,NA,NA,,16,16,50
DK,2023,WGBFAS,cod.27.21,126436,DIS,2_27.3.a.21_Active,,Age,2,ageyear,,WeightLive,NA,103.59341484,NA,NA,,16,16,50
DK,2023,WGBFAS,cod.27.21,126436,DIS,2_27.3.a.21_Active,,Age,3,ageyear,,WeightLive,NA,300.18983693,NA,NA,,16,16,50
DK,2023,WGBFAS,cod.27.21,126436,DIS,2_27.3.a.21_Active,,Age,4,ageyear,,WeightLive,NA,57.076923077,NA,NA,,16,16,50
DK,2023,WGBFAS,cod.27.21,126436,LAN,2_27.3.a.21_Active,,Length,30,,,WeightLive,NA,263.10375,NA,NA,,1,1,49
DK,2023,WGBFAS,cod.27.21,126436,LAN,2_27.3.a.21_Active,,Length,31,,,WeightLive,NA,272.22,NA,NA,,1,1,49
DK,2023,WGBFAS,cod.27.21,126436,LAN,2_27.3.a.21_Active,,Length,32,,,WeightLive,NA,334.152,NA,NA,,1,1,49
DK,2023,WGBFAS,cod.27.21,126436,LAN,2_27.3.a.21_Active,,Length,33,,,WeightLive,NA,340.236,NA,NA,,1,1,49
DK,2023,WGBFAS,cod.27.21,126436,LAN,2_27.3.a.21_Active,,Length,34,,,WeightLive,NA,384.93,NA,NA,,1,1,49
DK,2023,WGBFAS,cod.27.21,126436,LAN,2_27.3.a.21_Active,,Length,35,,,WeightLive,NA,406.575,NA,NA,,1,1,49
DK,2023,WGBFAS,cod.27.21,126436,LAN,2_27.3.a.21_Active,,Length,36,,,WeightLive,NA,432.12,NA,NA,,1,1,49
DK,2023,WGBFAS,cod.27.21,126436,LAN,2_27.3.a.21_Active,,Length,38,,,WeightLive,NA,550.29,NA,NA,,1,1,49
DK,2023,WGBFAS,cod.27.21,126436,LAN,2_27.3.a.21_Active,,Length,39,,,WeightLive,NA,719.55,NA,NA,,1,1,49
DK,2023,WGBFAS,cod.27.21,126436,LAN,2_27.3.a.21_Active,,Length,41,,,WeightLive,NA,627.12,NA,NA,,1,1,49
DK,2023,WGBFAS,cod.27.21,126436,LAN,2_27.3.a.21_Active,,Length,43,,,WeightLive,NA,851.76,NA,NA,,1,1,49
DK,2023,WGBFAS,cod.27.21,126436,LAN,2_27.3.a.21_Active,,Length,45,,,WeightLive,NA,1000.35,NA,NA,,1,1,49
DK,2023,WGBFAS,cod.27.21,126436,LAN,2_27.3.a.21_Active,,Length,47,,,WeightLive,NA,1024.92,NA,NA,,1,1,49
DK,2023,WGBFAS,cod.27.21,126436,LAN,2_27.3.a.21_Active,,Length,54,,,WeightLive,NA,1445.535,NA,NA,,1,1,49
DK,2023,WGBFAS,cod.27.21,126436,LAN,2_27.3.a.21_Active,,Length,55,,,WeightLive,NA,1585.35,NA,NA,,1,1,49
DK,2023,WGBFAS,cod.27.21,126436,LAN,2_27.3.a.21_Active,,Length,56,,,WeightLive,NA,1553.76,NA,NA,,1,1,49
DK,2023,WGBFAS,cod.27.21,126436,LAN,2_27.3.a.21_Active,,Length,57,,,WeightLive,NA,1777.23,NA,NA,,1,1,49
DK,2023,WGBFAS,cod.27.21,126436,LAN,2_27.3.a.21_Active,,Length,59,,,WeightLive,NA,2123.55,NA,NA,,1,1,49
DK,2023,WGBFAS,cod.27.21,126436,LAN,2_27.3.a.21_Active,,Length,62,,,WeightLive,NA,2255.76,NA,NA,,1,1,49
DK,2023,WGBFAS,cod.27.21,126436,LAN,2_27.3.a.21_Active,,Length,64,,,WeightLive,NA,2084.94,NA,NA,,1,1,49
DK,2023,WGBFAS,cod.27.21,126436,LAN,2_27.3.a.21_Active,,Length,65,,,WeightLive,NA,2832.57,NA,NA,,1,1,49
DK,2023,WGBFAS,cod.27.21,126436,LAN,2_27.3.a.21_Active,,Length,67,,,WeightLive,NA,2589.21,NA,NA,,1,1,49
DK,2023,WGBFAS,cod.27.21,126436,LAN,2_27.3.a.21_Active,,Length,79,,,WeightLive,NA,5332.86,NA,NA,,1,1,49
DK,2023,WGBFAS,cod.27.21,126436,DIS,2_27.3.a.21_Active,,Length,10,,,WeightLive,NA,5,NA,NA,,16,16,409
DK,2023,WGBFAS,cod.27.21,126436,DIS,2_27.3.a.21_Active,,Length,11,,,WeightLive,NA,11.5,NA,NA,,16,16,409
DK,2023,WGBFAS,cod.27.21,126436,DIS,2_27.3.a.21_Active,,Length,12,,,WeightLive,NA,17.2,NA,NA,,16,16,409
DK,2023,WGBFAS,cod.27.21,126436,DIS,2_27.3.a.21_Active,,Length,13,,,WeightLive,NA,23.125,NA,NA,,16,16,409
DK,2023,WGBFAS,cod.27.21,126436,DIS,2_27.3.a.21_Active,,Length,14,,,WeightLive,NA,28.909090909,NA,NA,,16,16,409
DK,2023,WGBFAS,cod.27.21,126436,DIS,2_27.3.a.21_Active,,Length,15,,,WeightLive,NA,32.076923077,NA,NA,,16,16,409
DK,2023,WGBFAS,cod.27.21,126436,DIS,2_27.3.a.21_Active,,Length,16,,,WeightLive,NA,38.333333333,NA,NA,,16,16,409
DK,2023,WGBFAS,cod.27.21,126436,DIS,2_27.3.a.21_Active,,Length,17,,,WeightLive,NA,45.25,NA,NA,,16,16,409
DK,2023,WGBFAS,cod.27.21,126436,DIS,2_27.3.a.21_Active,,Length,18,,,WeightLive,NA,57.076923077,NA,NA,,16,16,409
DK,2023,WGBFAS,cod.27.21,126436,DIS,2_27.3.a.21_Active,,Length,19,,,WeightLive,NA,65.125,NA,NA,,16,16,409
DK,2023,WGBFAS,cod.27.21,126436,DIS,2_27.3.a.21_Active,,Length,20,,,WeightLive,NA,82,NA,NA,,16,16,409
DK,2023,WGBFAS,cod.27.21,126436,DIS,2_27.3.a.21_Active,,Length,21,,,WeightLive,NA,90.0625,NA,NA,,16,16,409
DK,2023,WGBFAS,cod.27.21,126436,DIS,2_27.3.a.21_Active,,Length,22,,,WeightLive,NA,106.1,NA,NA,,16,16,409
DK,2023,WGBFAS,cod.27.21,126436,DIS,2_27.3.a.21_Active,,Length,23,,,WeightLive,NA,117.55555556,NA,NA,,16,16,409
DK,2023,WGBFAS,cod.27.21,126436,DIS,2_27.3.a.21_Active,,Length,24,,,WeightLive,NA,128.75,NA,NA,,16,16,409
DK,2023,WGBFAS,cod.27.21,126436,DIS,2_27.3.a.21_Active,,Length,25,,,WeightLive,NA,143.83333333,NA,NA,,16,16,409
DK,2023,WGBFAS,cod.27.21,126436,DIS,2_27.3.a.21_Active,,Length,26,,,WeightLive,NA,167.2,NA,NA,,16,16,409
DK,2023,WGBFAS,cod.27.21,126436,DIS,2_27.3.a.21_Active,,Length,27,,,WeightLive,NA,213,NA,NA,,16,16,409
DK,2023,WGBFAS,cod.27.21,126436,DIS,2_27.3.a.21_Active,,Length,28,,,WeightLive,NA,208.5,NA,NA,,16,16,409
DK,2023,WGBFAS,cod.27.21,126436,DIS,2_27.3.a.21_Active,,Length,29,,,WeightLive,NA,223.5,NA,NA,,16,16,409
DK,2023,WGBFAS,cod.27.21,126436,DIS,2_27.3.a.21_Active,,Length,30,,,WeightLive,NA,297,NA,NA,,16,16,409
DK,2023,WGBFAS,cod.27.21,126436,DIS,2_27.3.a.21_Active,,Length,31,,,WeightLive,NA,306,NA,NA,,16,16,409
DK,2023,WGBFAS,cod.27.21,126436,DIS,2_27.3.a.21_Active,,Length,32,,,WeightLive,NA,320.5,NA,NA,,16,16,409
DK,2023,WGBFAS,cod.27.21,126436,DIS,2_27.3.a.21_Active,,Length,33,,,WeightLive,NA,331.5,NA,NA,,16,16,409
DK,2023,WGBFAS,cod.27.21,126436,DIS,2_27.3.a.21_Active,,Length,40,,,WeightLive,NA,637,NA,NA,,16,16,409
DK,2023,WGBFAS,cod.27.21,126436,LAN,2_27.3.a.21_Passive,,Age,1,ageyear,,Number,0.0099313209,NA,NA,NA,,2,2,49
DK,2023,WGBFAS,cod.27.21,126436,LAN,2_27.3.a.21_Passive,,Age,2,ageyear,,Number,0.3174005723,NA,NA,NA,,2,2,49
DK,2023,WGBFAS,cod.27.21,126436,LAN,2_27.3.a.21_Passive,,Age,3,ageyear,,Number,0.0580919031,NA,NA,NA,,2,2,49
DK,2023,WGBFAS,cod.27.21,126436,LAN,2_27.3.a.21_Passive,,Age,4,ageyear,,Number,0.0285390706,NA,NA,NA,,2,2,49
DK,2023,WGBFAS,cod.27.21,126436,LAN,2_27.3.a.21_Passive,,Age,5,ageyear,,Number,0.0053386074,NA,NA,NA,,2,2,49
DK,2023,WGBFAS,cod.27.21,126436,LAN,2_27.3.a.21_Passive,,Length,30,,,Number,0.08,NA,NA,NA,,1,1,49
DK,2023,WGBFAS,cod.27.21,126436,LAN,2_27.3.a.21_Passive,,Length,31,,,Number,0.03,NA,NA,NA,,1,1,49
DK,2023,WGBFAS,cod.27.21,126436,LAN,2_27.3.a.21_Passive,,Length,32,,,Number,0.05,NA,NA,NA,,1,1,49
DK,2023,WGBFAS,cod.27.21,126436,LAN,2_27.3.a.21_Passive,,Length,33,,,Number,0.05,NA,NA,NA,,1,1,49
DK,2023,WGBFAS,cod.27.21,126436,LAN,2_27.3.a.21_Passive,,Length,34,,,Number,0.04,NA,NA,NA,,1,1,49
DK,2023,WGBFAS,cod.27.21,126436,LAN,2_27.3.a.21_Passive,,Length,35,,,Number,0.02,NA,NA,NA,,1,1,49
DK,2023,WGBFAS,cod.27.21,126436,LAN,2_27.3.a.21_Passive,,Length,36,,,Number,0.03,NA,NA,NA,,1,1,49
DK,2023,WGBFAS,cod.27.21,126436,LAN,2_27.3.a.21_Passive,,Length,38,,,Number,0.03,NA,NA,NA,,1,1,49
DK,2023,WGBFAS,cod.27.21,126436,LAN,2_27.3.a.21_Passive,,Length,39,,,Number,0.01,NA,NA,NA,,1,1,49
DK,2023,WGBFAS,cod.27.21,126436,LAN,2_27.3.a.21_Passive,,Length,41,,,Number,0.01,NA,NA,NA,,1,1,49
DK,2023,WGBFAS,cod.27.21,126436,LAN,2_27.3.a.21_Passive,,Length,43,,,Number,0.01,NA,NA,NA,,1,1,49
DK,2023,WGBFAS,cod.27.21,126436,LAN,2_27.3.a.21_Passive,,Length,45,,,Number,0.01,NA,NA,NA,,1,1,49
DK,2023,WGBFAS,cod.27.21,126436,LAN,2_27.3.a.21_Passive,,Length,47,,,Number,0.01,NA,NA,NA,,1,1,49
DK,2023,WGBFAS,cod.27.21,126436,LAN,2_27.3.a.21_Passive,,Length,54,,,Number,0.01,NA,NA,NA,,1,1,49
DK,2023,WGBFAS,cod.27.21,126436,LAN,2_27.3.a.21_Passive,,Length,55,,,Number,0,NA,NA,NA,,1,1,49
DK,2023,WGBFAS,cod.27.21,126436,LAN,2_27.3.a.21_Passive,,Length,56,,,Number,0,NA,NA,NA,,1,1,49
DK,2023,WGBFAS,cod.27.21,126436,LAN,2_27.3.a.21_Passive,,Length,57,,,Number,0,NA,NA,NA,,1,1,49
DK,2023,WGBFAS,cod.27.21,126436,LAN,2_27.3.a.21_Passive,,Length,59,,,Number,0,NA,NA,NA,,1,1,49
DK,2023,WGBFAS,cod.27.21,126436,LAN,2_27.3.a.21_Passive,,Length,62,,,Number,0.01,NA,NA,NA,,1,1,49
DK,2023,WGBFAS,cod.27.21,126436,LAN,2_27.3.a.21_Passive,,Length,64,,,Number,0,NA,NA,NA,,1,1,49
DK,2023,WGBFAS,cod.27.21,126436,LAN,2_27.3.a.21_Passive,,Length,65,,,Number,0.01,NA,NA,NA,,1,1,49
DK,2023,WGBFAS,cod.27.21,126436,LAN,2_27.3.a.21_Passive,,Length,67,,,Number,0.01,NA,NA,NA,,1,1,49
DK,2023,WGBFAS,cod.27.21,126436,LAN,2_27.3.a.21_Passive,,Age,1,ageyear,,WeightLive,NA,320.58,NA,NA,,2,2,49
DK,2023,WGBFAS,cod.27.21,126436,LAN,2_27.3.a.21_Passive,,Age,2,ageyear,,WeightLive,NA,361.20501486,NA,NA,,2,2,49
DK,2023,WGBFAS,cod.27.21,126436,LAN,2_27.3.a.21_Passive,,Age,3,ageyear,,WeightLive,NA,1038.6978403,NA,NA,,2,2,49
DK,2023,WGBFAS,cod.27.21,126436,LAN,2_27.3.a.21_Passive,,Age,4,ageyear,,WeightLive,NA,1733.2176973,NA,NA,,2,2,49
DK,2023,WGBFAS,cod.27.21,126436,LAN,2_27.3.a.21_Passive,,Age,5,ageyear,,WeightLive,NA,2832.57,NA,NA,,2,2,49
DK,2023,WGBFAS,cod.27.21,126436,LAN,2_27.3.a.21_Passive,,Length,30,,,WeightLive,NA,263.10375,NA,NA,,1,1,49
DK,2023,WGBFAS,cod.27.21,126436,LAN,2_27.3.a.21_Passive,,Length,31,,,WeightLive,NA,272.22,NA,NA,,1,1,49
DK,2023,WGBFAS,cod.27.21,126436,LAN,2_27.3.a.21_Passive,,Length,32,,,WeightLive,NA,334.152,NA,NA,,1,1,49
DK,2023,WGBFAS,cod.27.21,126436,LAN,2_27.3.a.21_Passive,,Length,33,,,WeightLive,NA,340.236,NA,NA,,1,1,49
DK,2023,WGBFAS,cod.27.21,126436,LAN,2_27.3.a.21_Passive,,Length,34,,,WeightLive,NA,384.93,NA,NA,,1,1,49
DK,2023,WGBFAS,cod.27.21,126436,LAN,2_27.3.a.21_Passive,,Length,35,,,WeightLive,NA,406.575,NA,NA,,1,1,49
DK,2023,WGBFAS,cod.27.21,126436,LAN,2_27.3.a.21_Passive,,Length,36,,,WeightLive,NA,432.12,NA,NA,,1,1,49
DK,2023,WGBFAS,cod.27.21,126436,LAN,2_27.3.a.21_Passive,,Length,38,,,WeightLive,NA,550.29,NA,NA,,1,1,49
DK,2023,WGBFAS,cod.27.21,126436,LAN,2_27.3.a.21_Passive,,Length,39,,,WeightLive,NA,719.55,NA,NA,,1,1,49
DK,2023,WGBFAS,cod.27.21,126436,LAN,2_27.3.a.21_Passive,,Length,41,,,WeightLive,NA,627.12,NA,NA,,1,1,49
DK,2023,WGBFAS,cod.27.21,126436,LAN,2_27.3.a.21_Passive,,Length,43,,,WeightLive,NA,851.76,NA,NA,,1,1,49
DK,2023,WGBFAS,cod.27.21,126436,LAN,2_27.3.a.21_Passive,,Length,45,,,WeightLive,NA,1000.35,NA,NA,,1,1,49
DK,2023,WGBFAS,cod.27.21,126436,LAN,2_27.3.a.21_Passive,,Length,47,,,WeightLive,NA,1024.92,NA,NA,,1,1,49
DK,2023,WGBFAS,cod.27.21,126436,LAN,2_27.3.a.21_Passive,,Length,54,,,WeightLive,NA,1445.535,NA,NA,,1,1,49
DK,2023,WGBFAS,cod.27.21,126436,LAN,2_27.3.a.21_Passive,,Length,55,,,WeightLive,NA,1585.35,NA,NA,,1,1,49
DK,2023,WGBFAS,cod.27.21,126436,LAN,2_27.3.a.21_Passive,,Length,56,,,WeightLive,NA,1553.76,NA,NA,,1,1,49
DK,2023,WGBFAS,cod.27.21,126436,LAN,2_27.3.a.21_Passive,,Length,57,,,WeightLive,NA,1777.23,NA,NA,,1,1,49
DK,2023,WGBFAS,cod.27.21,126436,LAN,2_27.3.a.21_Passive,,Length,59,,,WeightLive,NA,2123.55,NA,NA,,1,1,49
DK,2023,WGBFAS,cod.27.21,126436,LAN,2_27.3.a.21_Passive,,Length,62,,,WeightLive,NA,2255.76,NA,NA,,1,1,49
DK,2023,WGBFAS,cod.27.21,126436,LAN,2_27.3.a.21_Passive,,Length,64,,,WeightLive,NA,2084.94,NA,NA,,1,1,49
DK,2023,WGBFAS,cod.27.21,126436,LAN,2_27.3.a.21_Passive,,Length,65,,,WeightLive,NA,2832.57,NA,NA,,1,1,49
DK,2023,WGBFAS,cod.27.21,126436,LAN,2_27.3.a.21_Passive,,Length,67,,,WeightLive,NA,2589.21,NA,NA,,1,1,49
DK,2023,WGBFAS,bll.27.22-32,127150,LAN,2_27.3.b.23_Passive,,Length,30,,,Number,1.1634597582,NA,NA,NA,,2,2,15
DK,2023,WGBFAS,bll.27.22-32,127150,LAN,2_27.3.b.23_Passive,,Length,32,,,Number,0.6735139267,NA,NA,NA,,2,2,15
DK,2023,WGBFAS,bll.27.22-32,127150,LAN,2_27.3.b.23_Passive,,Length,33,,,Number,0.6735139267,NA,NA,NA,,2,2,15
DK,2023,WGBFAS,bll.27.22-32,127150,LAN,2_27.3.b.23_Passive,,Length,35,,,Number,0.2326919516,NA,NA,NA,,2,2,15
DK,2023,WGBFAS,bll.27.22-32,127150,LAN,2_27.3.b.23_Passive,,Length,37,,,Number,0.2326919516,NA,NA,NA,,2,2,15
DK,2023,WGBFAS,bll.27.22-32,127150,LAN,2_27.3.b.23_Passive,,Length,38,,,Number,0.5398453278,NA,NA,NA,,2,2,15
DK,2023,WGBFAS,bll.27.22-32,127150,LAN,2_27.3.b.23_Passive,,Length,43,,,Number,0.2326919516,NA,NA,NA,,2,2,15
DK,2023,WGBFAS,bll.27.22-32,127150,LAN,2_27.3.b.23_Passive,,Length,52,,,Number,0.440821975,NA,NA,NA,,2,2,15
DK,2023,WGBFAS,bll.27.22-32,127150,LAN,2_27.3.b.23_Passive,,Length,30,,,WeightLive,NA,650.23870731,NA,NA,,2,2,15
DK,2023,WGBFAS,bll.27.22-32,127150,LAN,2_27.3.b.23_Passive,,Length,32,,,WeightLive,NA,650.23870731,NA,NA,,2,2,15
DK,2023,WGBFAS,bll.27.22-32,127150,LAN,2_27.3.b.23_Passive,,Length,33,,,WeightLive,NA,650.23870731,NA,NA,,2,2,15
DK,2023,WGBFAS,bll.27.22-32,127150,LAN,2_27.3.b.23_Passive,,Length,35,,,WeightLive,NA,650.23870731,NA,NA,,2,2,15
DK,2023,WGBFAS,bll.27.22-32,127150,LAN,2_27.3.b.23_Passive,,Length,37,,,WeightLive,NA,650.23870731,NA,NA,,2,2,15
DK,2023,WGBFAS,bll.27.22-32,127150,LAN,2_27.3.b.23_Passive,,Length,38,,,WeightLive,NA,650.23870731,NA,NA,,2,2,15
DK,2023,WGBFAS,bll.27.22-32,127150,LAN,2_27.3.b.23_Passive,,Length,43,,,WeightLive,NA,650.23870731,NA,NA,,2,2,15
DK,2023,WGBFAS,bll.27.22-32,127150,LAN,2_27.3.b.23_Passive,,Length,52,,,WeightLive,NA,650.23870731,NA,NA,,2,2,15
DK,2023,WGBFAS,bll.27.22-32,127150,DIS,2_27.3.c.22_Passive,,Length,25,,,Number,0.5718770608,NA,NA,NA,,2,2,5
DK,2023,WGBFAS,bll.27.22-32,127150,DIS,2_27.3.c.22_Passive,,Length,26,,,Number,0.5718770608,NA,NA,NA,,2,2,5
DK,2023,WGBFAS,bll.27.22-32,127150,DIS,2_27.3.c.22_Passive,,Length,29,,,Number,1.7676200062,NA,NA,NA,,2,2,5
DK,2023,WGBFAS,bll.27.22-32,127150,LAN,2_27.3.c.22_Passive,,Length,30,,,Number,0.2445314376,NA,NA,NA,,2,2,36
DK,2023,WGBFAS,bll.27.22-32,127150,LAN,2_27.3.c.22_Passive,,Length,31,,,Number,1.39279331,NA,NA,NA,,2,2,36
DK,2023,WGBFAS,bll.27.22-32,127150,LAN,2_27.3.c.22_Passive,,Length,32,,,Number,0.3235568412,NA,NA,NA,,2,2,36
DK,2023,WGBFAS,bll.27.22-32,127150,LAN,2_27.3.c.22_Passive,,Length,33,,,Number,2.9885257399,NA,NA,NA,,2,2,36
DK,2023,WGBFAS,bll.27.22-32,127150,LAN,2_27.3.c.22_Passive,,Length,34,,,Number,0.988798496,NA,NA,NA,,2,2,36
DK,2023,WGBFAS,bll.27.22-32,127150,LAN,2_27.3.c.22_Passive,,Length,35,,,Number,0.6591989973,NA,NA,NA,,2,2,36
DK,2023,WGBFAS,bll.27.22-32,127150,LAN,2_27.3.c.22_Passive,,Length,36,,,Number,1.1810648702,NA,NA,NA,,2,2,36
DK,2023,WGBFAS,bll.27.22-32,127150,LAN,2_27.3.c.22_Passive,,Length,39,,,Number,0.5218658729,NA,NA,NA,,2,2,36
DK,2023,WGBFAS,bll.27.22-32,127150,LAN,2_27.3.c.22_Passive,,Length,43,,,Number,0.5680882788,NA,NA,NA,,2,2,36
DK,2023,WGBFAS,bll.27.22-32,127150,LAN,2_27.3.c.22_Passive,,Length,45,,,Number,2.2247966159,NA,NA,NA,,2,2,36
DK,2023,WGBFAS,bll.27.22-32,127150,LAN,2_27.3.c.22_Passive,,Length,47,,,Number,0.5218658729,NA,NA,NA,,2,2,36
DK,2023,WGBFAS,bll.27.22-32,127150,LAN,2_27.3.c.22_Passive,,Length,49,,,Number,0.3295994987,NA,NA,NA,,2,2,36
DK,2023,WGBFAS,bll.27.22-32,127150,LAN,2_27.3.c.22_Passive,,Length,50,,,Number,0.3295994987,NA,NA,NA,,2,2,36
DK,2023,WGBFAS,bll.27.22-32,127150,LAN,2_27.3.c.22_Passive,,Length,52,,,Number,0.5218658729,NA,NA,NA,,2,2,36
DK,2023,WGBFAS,bll.27.22-32,127150,DIS,2_27.3.c.22_Passive,,Length,25,,,WeightLive,NA,275,NA,NA,,2,2,5
DK,2023,WGBFAS,bll.27.22-32,127150,DIS,2_27.3.c.22_Passive,,Length,26,,,WeightLive,NA,275,NA,NA,,2,2,5
DK,2023,WGBFAS,bll.27.22-32,127150,DIS,2_27.3.c.22_Passive,,Length,29,,,WeightLive,NA,275,NA,NA,,2,2,5
DK,2023,WGBFAS,bll.27.22-32,127150,LAN,2_27.3.c.22_Passive,,Length,30,,,WeightLive,NA,855.88235294,NA,NA,,2,2,36
DK,2023,WGBFAS,bll.27.22-32,127150,LAN,2_27.3.c.22_Passive,,Length,31,,,WeightLive,NA,855.88235294,NA,NA,,2,2,36
DK,2023,WGBFAS,bll.27.22-32,127150,LAN,2_27.3.c.22_Passive,,Length,32,,,WeightLive,NA,855.88235294,NA,NA,,2,2,36
DK,2023,WGBFAS,bll.27.22-32,127150,LAN,2_27.3.c.22_Passive,,Length,33,,,WeightLive,NA,855.88235294,NA,NA,,2,2,36
DK,2023,WGBFAS,bll.27.22-32,127150,LAN,2_27.3.c.22_Passive,,Length,34,,,WeightLive,NA,855.88235294,NA,NA,,2,2,36
DK,2023,WGBFAS,bll.27.22-32,127150,LAN,2_27.3.c.22_Passive,,Length,35,,,WeightLive,NA,855.88235294,NA,NA,,2,2,36
DK,2023,WGBFAS,bll.27.22-32,127150,LAN,2_27.3.c.22_Passive,,Length,36,,,WeightLive,NA,855.88235294,NA,NA,,2,2,36
DK,2023,WGBFAS,bll.27.22-32,127150,LAN,2_27.3.c.22_Passive,,Length,39,,,WeightLive,NA,855.88235294,NA,NA,,2,2,36
DK,2023,WGBFAS,bll.27.22-32,127150,LAN,2_27.3.c.22_Passive,,Length,43,,,WeightLive,NA,855.88235294,NA,NA,,2,2,36
DK,2023,WGBFAS,bll.27.22-32,127150,LAN,2_27.3.c.22_Passive,,Length,45,,,WeightLive,NA,855.88235294,NA,NA,,2,2,36
DK,2023,WGBFAS,bll.27.22-32,127150,LAN,2_27.3.c.22_Passive,,Length,47,,,WeightLive,NA,855.88235294,NA,NA,,2,2,36
DK,2023,WGBFAS,bll.27.22-32,127150,LAN,2_27.3.c.22_Passive,,Length,49,,,WeightLive,NA,855.88235294,NA,NA,,2,2,36
DK,2023,WGBFAS,bll.27.22-32,127150,LAN,2_27.3.c.22_Passive,,Length,50,,,WeightLive,NA,855.88235294,NA,NA,,2,2,36
DK,2023,WGBFAS,bll.27.22-32,127150,LAN,2_27.3.c.22_Passive,,Length,52,,,WeightLive,NA,855.88235294,NA,NA,,2,2,36
DK,2023,WGBFAS,cod.27.21,126436,LAN,3_27.3.a.21_Active,,Age,1,ageyear,,Number,0.6472981929,NA,NA,NA,,6,6,67
DK,2023,WGBFAS,cod.27.21,126436,LAN,3_27.3.a.21_Active,,Age,2,ageyear,,Number,0.9802285779,NA,NA,NA,,6,6,67
DK,2023,WGBFAS,cod.27.21,126436,LAN,3_27.3.a.21_Active,,Age,3,ageyear,,Number,0.4529017493,NA,NA,NA,,6,6,67
DK,2023,WGBFAS,cod.27.21,126436,LAN,3_27.3.a.21_Active,,Age,4,ageyear,,Number,0.2170940876,NA,NA,NA,,6,6,67
DK,2023,WGBFAS,cod.27.21,126436,LAN,3_27.3.a.21_Active,,Age,5,ageyear,,Number,0.0460361709,NA,NA,NA,,6,6,67
DK,2023,WGBFAS,cod.27.21,126436,LAN,3_27.3.a.21_Active,,Age,7,ageyear,,Number,0.0217246642,NA,NA,NA,,6,6,67
DK,2023,WGBFAS,cod.27.21,126436,DIS,3_27.3.a.21_Active,,Age,0,ageyear,,Number,5.8039508445,NA,NA,NA,,12,12,29
DK,2023,WGBFAS,cod.27.21,126436,DIS,3_27.3.a.21_Active,,Age,1,ageyear,,Number,118.0533988,NA,NA,NA,,12,12,29
DK,2023,WGBFAS,cod.27.21,126436,DIS,3_27.3.a.21_Active,,Age,2,ageyear,,Number,8.4617181246,NA,NA,NA,,12,12,29
DK,2023,WGBFAS,cod.27.21,126436,LAN,3_27.3.a.21_Active,,Length,29,,,Number,0.07,NA,NA,NA,,1,1,67
DK,2023,WGBFAS,cod.27.21,126436,LAN,3_27.3.a.21_Active,,Length,30,,,Number,0.18,NA,NA,NA,,1,1,67
DK,2023,WGBFAS,cod.27.21,126436,LAN,3_27.3.a.21_Active,,Length,31,,,Number,0.18,NA,NA,NA,,1,1,67
DK,2023,WGBFAS,cod.27.21,126436,LAN,3_27.3.a.21_Active,,Length,32,,,Number,0.11,NA,NA,NA,,1,1,67
DK,2023,WGBFAS,cod.27.21,126436,LAN,3_27.3.a.21_Active,,Length,33,,,Number,0.25,NA,NA,NA,,1,1,67
DK,2023,WGBFAS,cod.27.21,126436,LAN,3_27.3.a.21_Active,,Length,34,,,Number,0.14,NA,NA,NA,,1,1,67
DK,2023,WGBFAS,cod.27.21,126436,LAN,3_27.3.a.21_Active,,Length,35,,,Number,0.04,NA,NA,NA,,1,1,67
DK,2023,WGBFAS,cod.27.21,126436,LAN,3_27.3.a.21_Active,,Length,37,,,Number,0.04,NA,NA,NA,,1,1,67
DK,2023,WGBFAS,cod.27.21,126436,LAN,3_27.3.a.21_Active,,Length,38,,,Number,0.12,NA,NA,NA,,1,1,67
DK,2023,WGBFAS,cod.27.21,126436,LAN,3_27.3.a.21_Active,,Length,39,,,Number,0.09,NA,NA,NA,,1,1,67
DK,2023,WGBFAS,cod.27.21,126436,LAN,3_27.3.a.21_Active,,Length,40,,,Number,0.04,NA,NA,NA,,1,1,67
DK,2023,WGBFAS,cod.27.21,126436,LAN,3_27.3.a.21_Active,,Length,41,,,Number,0.07,NA,NA,NA,,1,1,67
DK,2023,WGBFAS,cod.27.21,126436,LAN,3_27.3.a.21_Active,,Length,42,,,Number,0.17,NA,NA,NA,,1,1,67
DK,2023,WGBFAS,cod.27.21,126436,LAN,3_27.3.a.21_Active,,Length,43,,,Number,0.04,NA,NA,NA,,1,1,67
DK,2023,WGBFAS,cod.27.21,126436,LAN,3_27.3.a.21_Active,,Length,44,,,Number,0.03,NA,NA,NA,,1,1,67
DK,2023,WGBFAS,cod.27.21,126436,LAN,3_27.3.a.21_Active,,Length,46,,,Number,0.08,NA,NA,NA,,1,1,67
DK,2023,WGBFAS,cod.27.21,126436,LAN,3_27.3.a.21_Active,,Length,47,,,Number,0.12,NA,NA,NA,,1,1,67
DK,2023,WGBFAS,cod.27.21,126436,LAN,3_27.3.a.21_Active,,Length,49,,,Number,0.02,NA,NA,NA,,1,1,67
DK,2023,WGBFAS,cod.27.21,126436,LAN,3_27.3.a.21_Active,,Length,50,,,Number,0.08,NA,NA,NA,,1,1,67
DK,2023,WGBFAS,cod.27.21,126436,LAN,3_27.3.a.21_Active,,Length,51,,,Number,0.04,NA,NA,NA,,1,1,67
DK,2023,WGBFAS,cod.27.21,126436,LAN,3_27.3.a.21_Active,,Length,53,,,Number,0.06,NA,NA,NA,,1,1,67
DK,2023,WGBFAS,cod.27.21,126436,LAN,3_27.3.a.21_Active,,Length,55,,,Number,0.05,NA,NA,NA,,1,1,67
DK,2023,WGBFAS,cod.27.21,126436,LAN,3_27.3.a.21_Active,,Length,56,,,Number,0.03,NA,NA,NA,,1,1,67
DK,2023,WGBFAS,cod.27.21,126436,LAN,3_27.3.a.21_Active,,Length,57,,,Number,0.02,NA,NA,NA,,1,1,67
DK,2023,WGBFAS,cod.27.21,126436,LAN,3_27.3.a.21_Active,,Length,58,,,Number,0.02,NA,NA,NA,,1,1,67
DK,2023,WGBFAS,cod.27.21,126436,LAN,3_27.3.a.21_Active,,Length,59,,,Number,0.05,NA,NA,NA,,1,1,67
DK,2023,WGBFAS,cod.27.21,126436,LAN,3_27.3.a.21_Active,,Length,62,,,Number,0.03,NA,NA,NA,,1,1,67
DK,2023,WGBFAS,cod.27.21,126436,LAN,3_27.3.a.21_Active,,Length,63,,,Number,0.02,NA,NA,NA,,1,1,67
DK,2023,WGBFAS,cod.27.21,126436,LAN,3_27.3.a.21_Active,,Length,65,,,Number,0.08,NA,NA,NA,,1,1,67
DK,2023,WGBFAS,cod.27.21,126436,LAN,3_27.3.a.21_Active,,Length,68,,,Number,0.03,NA,NA,NA,,1,1,67
DK,2023,WGBFAS,cod.27.21,126436,LAN,3_27.3.a.21_Active,,Length,76,,,Number,0.06,NA,NA,NA,,1,1,67
DK,2023,WGBFAS,cod.27.21,126436,LAN,3_27.3.a.21_Active,,Length,79,,,Number,0.02,NA,NA,NA,,1,1,67
DK,2023,WGBFAS,cod.27.21,126436,DIS,3_27.3.a.21_Active,,Length,13,,,Number,0.2191096639,NA,NA,NA,,12,12,393
DK,2023,WGBFAS,cod.27.21,126436,DIS,3_27.3.a.21_Active,,Length,15,,,Number,2.1038943872,NA,NA,NA,,12,12,393
DK,2023,WGBFAS,cod.27.21,126436,DIS,3_27.3.a.21_Active,,Length,16,,,Number,9.3654265214,NA,NA,NA,,12,12,393
DK,2023,WGBFAS,cod.27.21,126436,DIS,3_27.3.a.21_Active,,Length,17,,,Number,18.364988075,NA,NA,NA,,12,12,393
DK,2023,WGBFAS,cod.27.21,126436,DIS,3_27.3.a.21_Active,,Length,18,,,Number,10.726420084,NA,NA,NA,,12,12,393
DK,2023,WGBFAS,cod.27.21,126436,DIS,3_27.3.a.21_Active,,Length,19,,,Number,17.087827259,NA,NA,NA,,12,12,393
DK,2023,WGBFAS,cod.27.21,126436,DIS,3_27.3.a.21_Active,,Length,20,,,Number,15.339952642,NA,NA,NA,,12,12,393
DK,2023,WGBFAS,cod.27.21,126436,DIS,3_27.3.a.21_Active,,Length,21,,,Number,14.573871682,NA,NA,NA,,12,12,393
DK,2023,WGBFAS,cod.27.21,126436,DIS,3_27.3.a.21_Active,,Length,22,,,Number,10.072957175,NA,NA,NA,,12,12,393
DK,2023,WGBFAS,cod.27.21,126436,DIS,3_27.3.a.21_Active,,Length,23,,,Number,8.9517121065,NA,NA,NA,,12,12,393
DK,2023,WGBFAS,cod.27.21,126436,DIS,3_27.3.a.21_Active,,Length,24,,,Number,6.1765964882,NA,NA,NA,,12,12,393
DK,2023,WGBFAS,cod.27.21,126436,DIS,3_27.3.a.21_Active,,Length,25,,,Number,4.8106357936,NA,NA,NA,,12,12,393
DK,2023,WGBFAS,cod.27.21,126436,DIS,3_27.3.a.21_Active,,Length,26,,,Number,5.1596993195,NA,NA,NA,,12,12,393
DK,2023,WGBFAS,cod.27.21,126436,DIS,3_27.3.a.21_Active,,Length,27,,,Number,3.6388723693,NA,NA,NA,,12,12,393
DK,2023,WGBFAS,cod.27.21,126436,DIS,3_27.3.a.21_Active,,Length,28,,,Number,2.1004249324,NA,NA,NA,,12,12,393
DK,2023,WGBFAS,cod.27.21,126436,DIS,3_27.3.a.21_Active,,Length,29,,,Number,0.2834842013,NA,NA,NA,,12,12,393
DK,2023,WGBFAS,cod.27.21,126436,DIS,3_27.3.a.21_Active,,Length,30,,,Number,1.1411516715,NA,NA,NA,,12,12,393
DK,2023,WGBFAS,cod.27.21,126436,DIS,3_27.3.a.21_Active,,Length,31,,,Number,0.4105697749,NA,NA,NA,,12,12,393
DK,2023,WGBFAS,cod.27.21,126436,DIS,3_27.3.a.21_Active,,Length,32,,,Number,0.9437723892,NA,NA,NA,,12,12,393
DK,2023,WGBFAS,cod.27.21,126436,DIS,3_27.3.a.21_Active,,Length,34,,,Number,0.5346874233,NA,NA,NA,,12,12,393
DK,2023,WGBFAS,cod.27.21,126436,DIS,3_27.3.a.21_Active,,Length,37,,,Number,0.3130138055,NA,NA,NA,,12,12,393
DK,2023,WGBFAS,cod.27.21,126436,LAN,3_27.3.a.21_Active,,Age,1,ageyear,,WeightLive,NA,309.74856482,NA,NA,,6,6,67
DK,2023,WGBFAS,cod.27.21,126436,LAN,3_27.3.a.21_Active,,Age,2,ageyear,,WeightLive,NA,640.02412673,NA,NA,,6,6,67
DK,2023,WGBFAS,cod.27.21,126436,LAN,3_27.3.a.21_Active,,Age,3,ageyear,,WeightLive,NA,1313.5141893,NA,NA,,6,6,67
DK,2023,WGBFAS,cod.27.21,126436,LAN,3_27.3.a.21_Active,,Age,4,ageyear,,WeightLive,NA,2257.4708867,NA,NA,,6,6,67
DK,2023,WGBFAS,cod.27.21,126436,LAN,3_27.3.a.21_Active,,Age,5,ageyear,,WeightLive,NA,4811.9179465,NA,NA,,6,6,67
DK,2023,WGBFAS,cod.27.21,126436,LAN,3_27.3.a.21_Active,,Age,7,ageyear,,WeightLive,NA,2310.75,NA,NA,,6,6,67
DK,2023,WGBFAS,cod.27.21,126436,DIS,3_27.3.a.21_Active,,Age,0,ageyear,,WeightLive,NA,38.485458197,NA,NA,,12,12,29
DK,2023,WGBFAS,cod.27.21,126436,DIS,3_27.3.a.21_Active,,Age,1,ageyear,,WeightLive,NA,92.768574355,NA,NA,,12,12,29
DK,2023,WGBFAS,cod.27.21,126436,DIS,3_27.3.a.21_Active,,Age,2,ageyear,,WeightLive,NA,179.52415046,NA,NA,,12,12,29
DK,2023,WGBFAS,cod.27.21,126436,LAN,3_27.3.a.21_Active,,Length,29,,,WeightLive,NA,273.78,NA,NA,,1,1,67
DK,2023,WGBFAS,cod.27.21,126436,LAN,3_27.3.a.21_Active,,Length,30,,,WeightLive,NA,256.464,NA,NA,,1,1,67
DK,2023,WGBFAS,cod.27.21,126436,LAN,3_27.3.a.21_Active,,Length,31,,,WeightLive,NA,280.8,NA,NA,,1,1,67
DK,2023,WGBFAS,cod.27.21,126436,LAN,3_27.3.a.21_Active,,Length,32,,,WeightLive,NA,304.2,NA,NA,,1,1,67
DK,2023,WGBFAS,cod.27.21,126436,LAN,3_27.3.a.21_Active,,Length,33,,,WeightLive,NA,353.34,NA,NA,,1,1,67
DK,2023,WGBFAS,cod.27.21,126436,LAN,3_27.3.a.21_Active,,Length,34,,,WeightLive,NA,375.57,NA,NA,,1,1,67
DK,2023,WGBFAS,cod.27.21,126436,LAN,3_27.3.a.21_Active,,Length,35,,,WeightLive,NA,376.74,NA,NA,,1,1,67
DK,2023,WGBFAS,cod.27.21,126436,LAN,3_27.3.a.21_Active,,Length,37,,,WeightLive,NA,519.48,NA,NA,,1,1,67
DK,2023,WGBFAS,cod.27.21,126436,LAN,3_27.3.a.21_Active,,Length,38,,,WeightLive,NA,522.6,NA,NA,,1,1,67
DK,2023,WGBFAS,cod.27.21,126436,LAN,3_27.3.a.21_Active,,Length,39,,,WeightLive,NA,570.96,NA,NA,,1,1,67
DK,2023,WGBFAS,cod.27.21,126436,LAN,3_27.3.a.21_Active,,Length,40,,,WeightLive,NA,568.62,NA,NA,,1,1,67
DK,2023,WGBFAS,cod.27.21,126436,LAN,3_27.3.a.21_Active,,Length,41,,,WeightLive,NA,615.42,NA,NA,,1,1,67
DK,2023,WGBFAS,cod.27.21,126436,LAN,3_27.3.a.21_Active,,Length,42,,,WeightLive,NA,686.4,NA,NA,,1,1,67
DK,2023,WGBFAS,cod.27.21,126436,LAN,3_27.3.a.21_Active,,Length,43,,,WeightLive,NA,1036.62,NA,NA,,1,1,67
DK,2023,WGBFAS,cod.27.21,126436,LAN,3_27.3.a.21_Active,,Length,44,,,WeightLive,NA,879.84,NA,NA,,1,1,67
DK,2023,WGBFAS,cod.27.21,126436,LAN,3_27.3.a.21_Active,,Length,46,,,WeightLive,NA,921.96,NA,NA,,1,1,67
DK,2023,WGBFAS,cod.27.21,126436,LAN,3_27.3.a.21_Active,,Length,47,,,WeightLive,NA,971.1,NA,NA,,1,1,67
DK,2023,WGBFAS,cod.27.21,126436,LAN,3_27.3.a.21_Active,,Length,49,,,WeightLive,NA,1235.52,NA,NA,,1,1,67
DK,2023,WGBFAS,cod.27.21,126436,LAN,3_27.3.a.21_Active,,Length,50,,,WeightLive,NA,1123.2,NA,NA,,1,1,67
DK,2023,WGBFAS,cod.27.21,126436,LAN,3_27.3.a.21_Active,,Length,51,,,WeightLive,NA,1402.83,NA,NA,,1,1,67
DK,2023,WGBFAS,cod.27.21,126436,LAN,3_27.3.a.21_Active,,Length,53,,,WeightLive,NA,1468.74,NA,NA,,1,1,67
DK,2023,WGBFAS,cod.27.21,126436,LAN,3_27.3.a.21_Active,,Length,55,,,WeightLive,NA,1759.68,NA,NA,,1,1,67
DK,2023,WGBFAS,cod.27.21,126436,LAN,3_27.3.a.21_Active,,Length,56,,,WeightLive,NA,1687.14,NA,NA,,1,1,67
DK,2023,WGBFAS,cod.27.21,126436,LAN,3_27.3.a.21_Active,,Length,57,,,WeightLive,NA,1667.25,NA,NA,,1,1,67
DK,2023,WGBFAS,cod.27.21,126436,LAN,3_27.3.a.21_Active,,Length,58,,,WeightLive,NA,1883.7,NA,NA,,1,1,67
DK,2023,WGBFAS,cod.27.21,126436,LAN,3_27.3.a.21_Active,,Length,59,,,WeightLive,NA,2160.99,NA,NA,,1,1,67
DK,2023,WGBFAS,cod.27.21,126436,LAN,3_27.3.a.21_Active,,Length,62,,,WeightLive,NA,2328.3,NA,NA,,1,1,67
DK,2023,WGBFAS,cod.27.21,126436,LAN,3_27.3.a.21_Active,,Length,63,,,WeightLive,NA,2310.75,NA,NA,,1,1,67
DK,2023,WGBFAS,cod.27.21,126436,LAN,3_27.3.a.21_Active,,Length,65,,,WeightLive,NA,2488.2,NA,NA,,1,1,67
DK,2023,WGBFAS,cod.27.21,126436,LAN,3_27.3.a.21_Active,,Length,68,,,WeightLive,NA,2538.9,NA,NA,,1,1,67
DK,2023,WGBFAS,cod.27.21,126436,LAN,3_27.3.a.21_Active,,Length,76,,,WeightLive,NA,4422.6,NA,NA,,1,1,67
DK,2023,WGBFAS,cod.27.21,126436,LAN,3_27.3.a.21_Active,,Length,79,,,WeightLive,NA,5332.86,NA,NA,,1,1,67
DK,2023,WGBFAS,cod.27.21,126436,DIS,3_27.3.a.21_Active,,Length,13,,,WeightLive,NA,22,NA,NA,,12,12,393
DK,2023,WGBFAS,cod.27.21,126436,DIS,3_27.3.a.21_Active,,Length,15,,,WeightLive,NA,33,NA,NA,,12,12,393
DK,2023,WGBFAS,cod.27.21,126436,DIS,3_27.3.a.21_Active,,Length,16,,,WeightLive,NA,40.923076923,NA,NA,,12,12,393
DK,2023,WGBFAS,cod.27.21,126436,DIS,3_27.3.a.21_Active,,Length,17,,,WeightLive,NA,48.75,NA,NA,,12,12,393
DK,2023,WGBFAS,cod.27.21,126436,DIS,3_27.3.a.21_Active,,Length,18,,,WeightLive,NA,61.444444444,NA,NA,,12,12,393
DK,2023,WGBFAS,cod.27.21,126436,DIS,3_27.3.a.21_Active,,Length,19,,,WeightLive,NA,67.692307692,NA,NA,,12,12,393
DK,2023,WGBFAS,cod.27.21,126436,DIS,3_27.3.a.21_Active,,Length,20,,,WeightLive,NA,77.428571429,NA,NA,,12,12,393
DK,2023,WGBFAS,cod.27.21,126436,DIS,3_27.3.a.21_Active,,Length,21,,,WeightLive,NA,95.833333333,NA,NA,,12,12,393
DK,2023,WGBFAS,cod.27.21,126436,DIS,3_27.3.a.21_Active,,Length,22,,,WeightLive,NA,111.5,NA,NA,,12,12,393
DK,2023,WGBFAS,cod.27.21,126436,DIS,3_27.3.a.21_Active,,Length,23,,,WeightLive,NA,119.22222222,NA,NA,,12,12,393
DK,2023,WGBFAS,cod.27.21,126436,DIS,3_27.3.a.21_Active,,Length,24,,,WeightLive,NA,144.64285714,NA,NA,,12,12,393
DK,2023,WGBFAS,cod.27.21,126436,DIS,3_27.3.a.21_Active,,Length,25,,,WeightLive,NA,154.11111111,NA,NA,,12,12,393
DK,2023,WGBFAS,cod.27.21,126436,DIS,3_27.3.a.21_Active,,Length,26,,,WeightLive,NA,167.81818182,NA,NA,,12,12,393
DK,2023,WGBFAS,cod.27.21,126436,DIS,3_27.3.a.21_Active,,Length,27,,,WeightLive,NA,190.5,NA,NA,,12,12,393
DK,2023,WGBFAS,cod.27.21,126436,DIS,3_27.3.a.21_Active,,Length,28,,,WeightLive,NA,220.33333333,NA,NA,,12,12,393
DK,2023,WGBFAS,cod.27.21,126436,DIS,3_27.3.a.21_Active,,Length,29,,,WeightLive,NA,223,NA,NA,,12,12,393
DK,2023,WGBFAS,cod.27.21,126436,DIS,3_27.3.a.21_Active,,Length,30,,,WeightLive,NA,242.33333333,NA,NA,,12,12,393
DK,2023,WGBFAS,cod.27.21,126436,DIS,3_27.3.a.21_Active,,Length,31,,,WeightLive,NA,284,NA,NA,,12,12,393
DK,2023,WGBFAS,cod.27.21,126436,DIS,3_27.3.a.21_Active,,Length,32,,,WeightLive,NA,328.5,NA,NA,,12,12,393
DK,2023,WGBFAS,cod.27.21,126436,DIS,3_27.3.a.21_Active,,Length,34,,,WeightLive,NA,364,NA,NA,,12,12,393
DK,2023,WGBFAS,cod.27.21,126436,DIS,3_27.3.a.21_Active,,Length,37,,,WeightLive,NA,425,NA,NA,,12,12,393
DK,2023,WGBFAS,cod.27.21,126436,LAN,3_27.3.a.21_Passive,,Age,1,ageyear,,Number,0.0444299351,NA,NA,NA,,6,6,67
DK,2023,WGBFAS,cod.27.21,126436,LAN,3_27.3.a.21_Passive,,Age,2,ageyear,,Number,0.0673463749,NA,NA,NA,,6,6,67
DK,2023,WGBFAS,cod.27.21,126436,LAN,3_27.3.a.21_Passive,,Age,3,ageyear,,Number,0.0311984784,NA,NA,NA,,6,6,67
DK,2023,WGBFAS,cod.27.21,126436,LAN,3_27.3.a.21_Passive,,Age,4,ageyear,,Number,0.0054739732,NA,NA,NA,,6,6,67
DK,2023,WGBFAS,cod.27.21,126436,LAN,3_27.3.a.21_Passive,,Length,29,,,Number,0.01,NA,NA,NA,,1,1,67
DK,2023,WGBFAS,cod.27.21,126436,LAN,3_27.3.a.21_Passive,,Length,30,,,Number,0.01,NA,NA,NA,,1,1,67
DK,2023,WGBFAS,cod.27.21,126436,LAN,3_27.3.a.21_Passive,,Length,31,,,Number,0.01,NA,NA,NA,,1,1,67
DK,2023,WGBFAS,cod.27.21,126436,LAN,3_27.3.a.21_Passive,,Length,32,,,Number,0.01,NA,NA,NA,,1,1,67
DK,2023,WGBFAS,cod.27.21,126436,LAN,3_27.3.a.21_Passive,,Length,33,,,Number,0.02,NA,NA,NA,,1,1,67
DK,2023,WGBFAS,cod.27.21,126436,LAN,3_27.3.a.21_Passive,,Length,34,,,Number,0.01,NA,NA,NA,,1,1,67
DK,2023,WGBFAS,cod.27.21,126436,LAN,3_27.3.a.21_Passive,,Length,35,,,Number,0,NA,NA,NA,,1,1,67
DK,2023,WGBFAS,cod.27.21,126436,LAN,3_27.3.a.21_Passive,,Length,37,,,Number,0,NA,NA,NA,,1,1,67
DK,2023,WGBFAS,cod.27.21,126436,LAN,3_27.3.a.21_Passive,,Length,38,,,Number,0.01,NA,NA,NA,,1,1,67
DK,2023,WGBFAS,cod.27.21,126436,LAN,3_27.3.a.21_Passive,,Length,39,,,Number,0.01,NA,NA,NA,,1,1,67
DK,2023,WGBFAS,cod.27.21,126436,LAN,3_27.3.a.21_Passive,,Length,40,,,Number,0,NA,NA,NA,,1,1,67
DK,2023,WGBFAS,cod.27.21,126436,LAN,3_27.3.a.21_Passive,,Length,41,,,Number,0,NA,NA,NA,,1,1,67
DK,2023,WGBFAS,cod.27.21,126436,LAN,3_27.3.a.21_Passive,,Length,42,,,Number,0.01,NA,NA,NA,,1,1,67
DK,2023,WGBFAS,cod.27.21,126436,LAN,3_27.3.a.21_Passive,,Length,43,,,Number,0,NA,NA,NA,,1,1,67
DK,2023,WGBFAS,cod.27.21,126436,LAN,3_27.3.a.21_Passive,,Length,44,,,Number,0,NA,NA,NA,,1,1,67
DK,2023,WGBFAS,cod.27.21,126436,LAN,3_27.3.a.21_Passive,,Length,46,,,Number,0.01,NA,NA,NA,,1,1,67
DK,2023,WGBFAS,cod.27.21,126436,LAN,3_27.3.a.21_Passive,,Length,47,,,Number,0.01,NA,NA,NA,,1,1,67
DK,2023,WGBFAS,cod.27.21,126436,LAN,3_27.3.a.21_Passive,,Length,49,,,Number,0,NA,NA,NA,,1,1,67
DK,2023,WGBFAS,cod.27.21,126436,LAN,3_27.3.a.21_Passive,,Length,50,,,Number,0.01,NA,NA,NA,,1,1,67
DK,2023,WGBFAS,cod.27.21,126436,LAN,3_27.3.a.21_Passive,,Length,51,,,Number,0,NA,NA,NA,,1,1,67
DK,2023,WGBFAS,cod.27.21,126436,LAN,3_27.3.a.21_Passive,,Length,53,,,Number,0,NA,NA,NA,,1,1,67
DK,2023,WGBFAS,cod.27.21,126436,LAN,3_27.3.a.21_Passive,,Length,55,,,Number,0,NA,NA,NA,,1,1,67
DK,2023,WGBFAS,cod.27.21,126436,LAN,3_27.3.a.21_Passive,,Length,56,,,Number,0,NA,NA,NA,,1,1,67
DK,2023,WGBFAS,cod.27.21,126436,LAN,3_27.3.a.21_Passive,,Length,57,,,Number,0,NA,NA,NA,,1,1,67
DK,2023,WGBFAS,cod.27.21,126436,LAN,3_27.3.a.21_Passive,,Length,58,,,Number,0,NA,NA,NA,,1,1,67
DK,2023,WGBFAS,cod.27.21,126436,LAN,3_27.3.a.21_Passive,,Length,59,,,Number,0,NA,NA,NA,,1,1,67
DK,2023,WGBFAS,cod.27.21,126436,LAN,3_27.3.a.21_Passive,,Length,62,,,Number,0,NA,NA,NA,,1,1,67
DK,2023,WGBFAS,cod.27.21,126436,LAN,3_27.3.a.21_Passive,,Age,1,ageyear,,WeightLive,NA,309.74856482,NA,NA,,6,6,67
DK,2023,WGBFAS,cod.27.21,126436,LAN,3_27.3.a.21_Passive,,Age,2,ageyear,,WeightLive,NA,640.87023429,NA,NA,,6,6,67
DK,2023,WGBFAS,cod.27.21,126436,LAN,3_27.3.a.21_Passive,,Age,3,ageyear,,WeightLive,NA,1315.34282,NA,NA,,6,6,67
DK,2023,WGBFAS,cod.27.21,126436,LAN,3_27.3.a.21_Passive,,Age,4,ageyear,,WeightLive,NA,1167.7904481,NA,NA,,6,6,67
DK,2023,WGBFAS,cod.27.21,126436,LAN,3_27.3.a.21_Passive,,Length,29,,,WeightLive,NA,273.78,NA,NA,,1,1,67
DK,2023,WGBFAS,cod.27.21,126436,LAN,3_27.3.a.21_Passive,,Length,30,,,WeightLive,NA,256.464,NA,NA,,1,1,67
DK,2023,WGBFAS,cod.27.21,126436,LAN,3_27.3.a.21_Passive,,Length,31,,,WeightLive,NA,280.8,NA,NA,,1,1,67
DK,2023,WGBFAS,cod.27.21,126436,LAN,3_27.3.a.21_Passive,,Length,32,,,WeightLive,NA,304.2,NA,NA,,1,1,67
DK,2023,WGBFAS,cod.27.21,126436,LAN,3_27.3.a.21_Passive,,Length,33,,,WeightLive,NA,353.34,NA,NA,,1,1,67
DK,2023,WGBFAS,cod.27.21,126436,LAN,3_27.3.a.21_Passive,,Length,34,,,WeightLive,NA,375.57,NA,NA,,1,1,67
DK,2023,WGBFAS,cod.27.21,126436,LAN,3_27.3.a.21_Passive,,Length,35,,,WeightLive,NA,376.74,NA,NA,,1,1,67
DK,2023,WGBFAS,cod.27.21,126436,LAN,3_27.3.a.21_Passive,,Length,37,,,WeightLive,NA,519.48,NA,NA,,1,1,67
DK,2023,WGBFAS,cod.27.21,126436,LAN,3_27.3.a.21_Passive,,Length,38,,,WeightLive,NA,522.6,NA,NA,,1,1,67
DK,2023,WGBFAS,cod.27.21,126436,LAN,3_27.3.a.21_Passive,,Length,39,,,WeightLive,NA,570.96,NA,NA,,1,1,67
DK,2023,WGBFAS,cod.27.21,126436,LAN,3_27.3.a.21_Passive,,Length,40,,,WeightLive,NA,568.62,NA,NA,,1,1,67
DK,2023,WGBFAS,cod.27.21,126436,LAN,3_27.3.a.21_Passive,,Length,41,,,WeightLive,NA,615.42,NA,NA,,1,1,67
DK,2023,WGBFAS,cod.27.21,126436,LAN,3_27.3.a.21_Passive,,Length,42,,,WeightLive,NA,686.4,NA,NA,,1,1,67
DK,2023,WGBFAS,cod.27.21,126436,LAN,3_27.3.a.21_Passive,,Length,43,,,WeightLive,NA,1036.62,NA,NA,,1,1,67
DK,2023,WGBFAS,cod.27.21,126436,LAN,3_27.3.a.21_Passive,,Length,44,,,WeightLive,NA,879.84,NA,NA,,1,1,67
DK,2023,WGBFAS,cod.27.21,126436,LAN,3_27.3.a.21_Passive,,Length,46,,,WeightLive,NA,921.96,NA,NA,,1,1,67
DK,2023,WGBFAS,cod.27.21,126436,LAN,3_27.3.a.21_Passive,,Length,47,,,WeightLive,NA,971.1,NA,NA,,1,1,67
DK,2023,WGBFAS,cod.27.21,126436,LAN,3_27.3.a.21_Passive,,Length,49,,,WeightLive,NA,1235.52,NA,NA,,1,1,67
DK,2023,WGBFAS,cod.27.21,126436,LAN,3_27.3.a.21_Passive,,Length,50,,,WeightLive,NA,1123.2,NA,NA,,1,1,67
DK,2023,WGBFAS,cod.27.21,126436,LAN,3_27.3.a.21_Passive,,Length,51,,,WeightLive,NA,1402.83,NA,NA,,1,1,67
DK,2023,WGBFAS,cod.27.21,126436,LAN,3_27.3.a.21_Passive,,Length,53,,,WeightLive,NA,1468.74,NA,NA,,1,1,67
DK,2023,WGBFAS,cod.27.21,126436,LAN,3_27.3.a.21_Passive,,Length,55,,,WeightLive,NA,1759.68,NA,NA,,1,1,67
DK,2023,WGBFAS,cod.27.21,126436,LAN,3_27.3.a.21_Passive,,Length,56,,,WeightLive,NA,1687.14,NA,NA,,1,1,67
DK,2023,WGBFAS,cod.27.21,126436,LAN,3_27.3.a.21_Passive,,Length,57,,,WeightLive,NA,1667.25,NA,NA,,1,1,67
DK,2023,WGBFAS,cod.27.21,126436,LAN,3_27.3.a.21_Passive,,Length,58,,,WeightLive,NA,1883.7,NA,NA,,1,1,67
DK,2023,WGBFAS,cod.27.21,126436,LAN,3_27.3.a.21_Passive,,Length,59,,,WeightLive,NA,2160.99,NA,NA,,1,1,67
DK,2023,WGBFAS,cod.27.21,126436,LAN,3_27.3.a.21_Passive,,Length,62,,,WeightLive,NA,2328.3,NA,NA,,1,1,67
DK,2023,WGBFAS,bll.27.22-32,127150,DIS,3_27.3.b.23_Passive,,Length,26,,,Number,0.3134412725,NA,NA,NA,,1,1,4
DK,2023,WGBFAS,bll.27.22-32,127150,DIS,3_27.3.b.23_Passive,,Length,27,,,Number,0.626882545,NA,NA,NA,,1,1,4
DK,2023,WGBFAS,bll.27.22-32,127150,DIS,3_27.3.b.23_Passive,,Length,29,,,Number,0.3134412725,NA,NA,NA,,1,1,4
DK,2023,WGBFAS,bll.27.22-32,127150,DIS,3_27.3.b.23_Passive,,Length,26,,,WeightLive,NA,275,NA,NA,,1,1,4
DK,2023,WGBFAS,bll.27.22-32,127150,DIS,3_27.3.b.23_Passive,,Length,27,,,WeightLive,NA,275,NA,NA,,1,1,4
DK,2023,WGBFAS,bll.27.22-32,127150,DIS,3_27.3.b.23_Passive,,Length,29,,,WeightLive,NA,275,NA,NA,,1,1,4
DK,2023,WGBFAS,bll.27.22-32,127150,LAN,3_27.3.c.22_Passive,,Length,30,,,Number,0.139,NA,NA,NA,,3,3,15
DK,2023,WGBFAS,bll.27.22-32,127150,LAN,3_27.3.c.22_Passive,,Length,32,,,Number,0.417,NA,NA,NA,,3,3,15
DK,2023,WGBFAS,bll.27.22-32,127150,LAN,3_27.3.c.22_Passive,,Length,33,,,Number,0.139,NA,NA,NA,,3,3,15
DK,2023,WGBFAS,bll.27.22-32,127150,LAN,3_27.3.c.22_Passive,,Length,35,,,Number,0.139,NA,NA,NA,,3,3,15
DK,2023,WGBFAS,bll.27.22-32,127150,LAN,3_27.3.c.22_Passive,,Length,36,,,Number,0.278,NA,NA,NA,,3,3,15
DK,2023,WGBFAS,bll.27.22-32,127150,LAN,3_27.3.c.22_Passive,,Length,37,,,Number,0.278,NA,NA,NA,,3,3,15
DK,2023,WGBFAS,bll.27.22-32,127150,LAN,3_27.3.c.22_Passive,,Length,38,,,Number,0.278,NA,NA,NA,,3,3,15
DK,2023,WGBFAS,bll.27.22-32,127150,LAN,3_27.3.c.22_Passive,,Length,48,,,Number,0.139,NA,NA,NA,,3,3,15
DK,2023,WGBFAS,bll.27.22-32,127150,LAN,3_27.3.c.22_Passive,,Length,49,,,Number,0.139,NA,NA,NA,,3,3,15
DK,2023,WGBFAS,bll.27.22-32,127150,LAN,3_27.3.c.22_Passive,,Length,50,,,Number,0.139,NA,NA,NA,,3,3,15
DK,2023,WGBFAS,bll.27.22-32,127150,LAN,3_27.3.c.22_Passive,,Length,30,,,WeightLive,NA,733.81294964,NA,NA,,3,3,15
DK,2023,WGBFAS,bll.27.22-32,127150,LAN,3_27.3.c.22_Passive,,Length,32,,,WeightLive,NA,733.81294964,NA,NA,,3,3,15
DK,2023,WGBFAS,bll.27.22-32,127150,LAN,3_27.3.c.22_Passive,,Length,33,,,WeightLive,NA,733.81294964,NA,NA,,3,3,15
DK,2023,WGBFAS,bll.27.22-32,127150,LAN,3_27.3.c.22_Passive,,Length,35,,,WeightLive,NA,733.81294964,NA,NA,,3,3,15
DK,2023,WGBFAS,bll.27.22-32,127150,LAN,3_27.3.c.22_Passive,,Length,36,,,WeightLive,NA,733.81294964,NA,NA,,3,3,15
DK,2023,WGBFAS,bll.27.22-32,127150,LAN,3_27.3.c.22_Passive,,Length,37,,,WeightLive,NA,733.81294964,NA,NA,,3,3,15
DK,2023,WGBFAS,bll.27.22-32,127150,LAN,3_27.3.c.22_Passive,,Length,38,,,WeightLive,NA,733.81294964,NA,NA,,3,3,15
DK,2023,WGBFAS,bll.27.22-32,127150,LAN,3_27.3.c.22_Passive,,Length,48,,,WeightLive,NA,733.81294964,NA,NA,,3,3,15
DK,2023,WGBFAS,bll.27.22-32,127150,LAN,3_27.3.c.22_Passive,,Length,49,,,WeightLive,NA,733.81294964,NA,NA,,3,3,15
DK,2023,WGBFAS,bll.27.22-32,127150,LAN,3_27.3.c.22_Passive,,Length,50,,,WeightLive,NA,733.81294964,NA,NA,,3,3,15
DK,2023,WGBFAS,cod.27.21,126436,LAN,4_27.3.a.21_Active,,Age,1,ageyear,,Number,3.0675398381,NA,NA,NA,,6,6,221
DK,2023,WGBFAS,cod.27.21,126436,LAN,4_27.3.a.21_Active,,Age,2,ageyear,,Number,2.4888945627,NA,NA,NA,,6,6,221
DK,2023,WGBFAS,cod.27.21,126436,LAN,4_27.3.a.21_Active,,Age,3,ageyear,,Number,0.5238478635,NA,NA,NA,,6,6,221
DK,2023,WGBFAS,cod.27.21,126436,LAN,4_27.3.a.21_Active,,Age,4,ageyear,,Number,0.324802229,NA,NA,NA,,6,6,221
DK,2023,WGBFAS,cod.27.21,126436,LAN,4_27.3.a.21_Active,,Age,5,ageyear,,Number,0.0830427213,NA,NA,NA,,6,6,221
DK,2023,WGBFAS,cod.27.21,126436,LAN,4_27.3.a.21_Active,,Age,7,ageyear,,Number,0.0435280409,NA,NA,NA,,6,6,221
DK,2023,WGBFAS,cod.27.21,126436,DIS,4_27.3.a.21_Active,,Age,0,ageyear,,Number,11.663499253,NA,NA,NA,,2,2,-9
DK,2023,WGBFAS,cod.27.21,126436,DIS,4_27.3.a.21_Active,,Age,1,ageyear,,Number,103.19352901,NA,NA,NA,,2,2,-9
DK,2023,WGBFAS,cod.27.21,126436,DIS,4_27.3.a.21_Active,,Age,2,ageyear,,Number,4.858927236,NA,NA,NA,,2,2,-9
DK,2023,WGBFAS,cod.27.21,126436,LAN,4_27.3.a.21_Active,,Length,29,,,Number,0.32,NA,NA,NA,,3,3,221
DK,2023,WGBFAS,cod.27.21,126436,LAN,4_27.3.a.21_Active,,Length,30,,,Number,0.59,NA,NA,NA,,3,3,221
DK,2023,WGBFAS,cod.27.21,126436,LAN,4_27.3.a.21_Active,,Length,31,,,Number,0.38,NA,NA,NA,,3,3,221
DK,2023,WGBFAS,cod.27.21,126436,LAN,4_27.3.a.21_Active,,Length,32,,,Number,0.29,NA,NA,NA,,3,3,221
DK,2023,WGBFAS,cod.27.21,126436,LAN,4_27.3.a.21_Active,,Length,33,,,Number,0.39,NA,NA,NA,,3,3,221
DK,2023,WGBFAS,cod.27.21,126436,LAN,4_27.3.a.21_Active,,Length,34,,,Number,0.31,NA,NA,NA,,3,3,221
DK,2023,WGBFAS,cod.27.21,126436,LAN,4_27.3.a.21_Active,,Length,35,,,Number,0.46,NA,NA,NA,,3,3,221
DK,2023,WGBFAS,cod.27.21,126436,LAN,4_27.3.a.21_Active,,Length,36,,,Number,0.13,NA,NA,NA,,3,3,221
DK,2023,WGBFAS,cod.27.21,126436,LAN,4_27.3.a.21_Active,,Length,37,,,Number,0.16,NA,NA,NA,,3,3,221
DK,2023,WGBFAS,cod.27.21,126436,LAN,4_27.3.a.21_Active,,Length,38,,,Number,0.29,NA,NA,NA,,3,3,221
DK,2023,WGBFAS,cod.27.21,126436,LAN,4_27.3.a.21_Active,,Length,39,,,Number,0.18,NA,NA,NA,,3,3,221
DK,2023,WGBFAS,cod.27.21,126436,LAN,4_27.3.a.21_Active,,Length,40,,,Number,0.09,NA,NA,NA,,3,3,221
DK,2023,WGBFAS,cod.27.21,126436,LAN,4_27.3.a.21_Active,,Length,41,,,Number,0.24,NA,NA,NA,,3,3,221
DK,2023,WGBFAS,cod.27.21,126436,LAN,4_27.3.a.21_Active,,Length,42,,,Number,0.2,NA,NA,NA,,3,3,221
DK,2023,WGBFAS,cod.27.21,126436,LAN,4_27.3.a.21_Active,,Length,43,,,Number,0.29,NA,NA,NA,,3,3,221
DK,2023,WGBFAS,cod.27.21,126436,LAN,4_27.3.a.21_Active,,Length,44,,,Number,0.23,NA,NA,NA,,3,3,221
DK,2023,WGBFAS,cod.27.21,126436,LAN,4_27.3.a.21_Active,,Length,45,,,Number,0.08,NA,NA,NA,,3,3,221
DK,2023,WGBFAS,cod.27.21,126436,LAN,4_27.3.a.21_Active,,Length,46,,,Number,0.23,NA,NA,NA,,3,3,221
DK,2023,WGBFAS,cod.27.21,126436,LAN,4_27.3.a.21_Active,,Length,47,,,Number,0.03,NA,NA,NA,,3,3,221
DK,2023,WGBFAS,cod.27.21,126436,LAN,4_27.3.a.21_Active,,Length,48,,,Number,0.14,NA,NA,NA,,3,3,221
DK,2023,WGBFAS,cod.27.21,126436,LAN,4_27.3.a.21_Active,,Length,49,,,Number,0.1,NA,NA,NA,,3,3,221
DK,2023,WGBFAS,cod.27.21,126436,LAN,4_27.3.a.21_Active,,Length,50,,,Number,0.19,NA,NA,NA,,3,3,221
DK,2023,WGBFAS,cod.27.21,126436,LAN,4_27.3.a.21_Active,,Length,51,,,Number,0.3,NA,NA,NA,,3,3,221
DK,2023,WGBFAS,cod.27.21,126436,LAN,4_27.3.a.21_Active,,Length,52,,,Number,0.05,NA,NA,NA,,3,3,221
DK,2023,WGBFAS,cod.27.21,126436,LAN,4_27.3.a.21_Active,,Length,53,,,Number,0.05,NA,NA,NA,,3,3,221
DK,2023,WGBFAS,cod.27.21,126436,LAN,4_27.3.a.21_Active,,Length,55,,,Number,0.1,NA,NA,NA,,3,3,221
DK,2023,WGBFAS,cod.27.21,126436,LAN,4_27.3.a.21_Active,,Length,56,,,Number,0.05,NA,NA,NA,,3,3,221
DK,2023,WGBFAS,cod.27.21,126436,LAN,4_27.3.a.21_Active,,Length,57,,,Number,0.1,NA,NA,NA,,3,3,221
DK,2023,WGBFAS,cod.27.21,126436,LAN,4_27.3.a.21_Active,,Length,60,,,Number,0.1,NA,NA,NA,,3,3,221
DK,2023,WGBFAS,cod.27.21,126436,LAN,4_27.3.a.21_Active,,Length,63,,,Number,0.04,NA,NA,NA,,3,3,221
DK,2023,WGBFAS,cod.27.21,126436,LAN,4_27.3.a.21_Active,,Length,64,,,Number,0.05,NA,NA,NA,,3,3,221
DK,2023,WGBFAS,cod.27.21,126436,LAN,4_27.3.a.21_Active,,Length,65,,,Number,0.16,NA,NA,NA,,3,3,221
DK,2023,WGBFAS,cod.27.21,126436,LAN,4_27.3.a.21_Active,,Length,68,,,Number,0.06,NA,NA,NA,,3,3,221
DK,2023,WGBFAS,cod.27.21,126436,LAN,4_27.3.a.21_Active,,Length,76,,,Number,0.12,NA,NA,NA,,3,3,221
DK,2023,WGBFAS,cod.27.21,126436,LAN,4_27.3.a.21_Active,,Length,79,,,Number,0.03,NA,NA,NA,,3,3,221
DK,2023,WGBFAS,cod.27.21,126436,DIS,4_27.3.a.21_Active,,Length,13,,,Number,0.1999059638,NA,NA,NA,,2,2,163
DK,2023,WGBFAS,cod.27.21,126436,DIS,4_27.3.a.21_Active,,Length,14,,,Number,0.4254235364,NA,NA,NA,,2,2,163
DK,2023,WGBFAS,cod.27.21,126436,DIS,4_27.3.a.21_Active,,Length,15,,,Number,2.6564556372,NA,NA,NA,,2,2,163
DK,2023,WGBFAS,cod.27.21,126436,DIS,4_27.3.a.21_Active,,Length,16,,,Number,5.8955746529,NA,NA,NA,,2,2,163
DK,2023,WGBFAS,cod.27.21,126436,DIS,4_27.3.a.21_Active,,Length,17,,,Number,10.962052601,NA,NA,NA,,2,2,163
DK,2023,WGBFAS,cod.27.21,126436,DIS,4_27.3.a.21_Active,,Length,18,,,Number,8.5553533745,NA,NA,NA,,2,2,163
DK,2023,WGBFAS,cod.27.21,126436,DIS,4_27.3.a.21_Active,,Length,19,,,Number,14.328610947,NA,NA,NA,,2,2,163
DK,2023,WGBFAS,cod.27.21,126436,DIS,4_27.3.a.21_Active,,Length,20,,,Number,13.638675391,NA,NA,NA,,2,2,163
DK,2023,WGBFAS,cod.27.21,126436,DIS,4_27.3.a.21_Active,,Length,21,,,Number,14.55665275,NA,NA,NA,,2,2,163
DK,2023,WGBFAS,cod.27.21,126436,DIS,4_27.3.a.21_Active,,Length,22,,,Number,10.251941234,NA,NA,NA,,2,2,163
DK,2023,WGBFAS,cod.27.21,126436,DIS,4_27.3.a.21_Active,,Length,23,,,Number,8.1132382845,NA,NA,NA,,2,2,163
DK,2023,WGBFAS,cod.27.21,126436,DIS,4_27.3.a.21_Active,,Length,24,,,Number,5.9482792751,NA,NA,NA,,2,2,163
DK,2023,WGBFAS,cod.27.21,126436,DIS,4_27.3.a.21_Active,,Length,25,,,Number,6.2317653905,NA,NA,NA,,2,2,163
DK,2023,WGBFAS,cod.27.21,126436,DIS,4_27.3.a.21_Active,,Length,26,,,Number,5.6924835486,NA,NA,NA,,2,2,163
DK,2023,WGBFAS,cod.27.21,126436,DIS,4_27.3.a.21_Active,,Length,27,,,Number,4.4908189766,NA,NA,NA,,2,2,163
DK,2023,WGBFAS,cod.27.21,126436,DIS,4_27.3.a.21_Active,,Length,28,,,Number,2.9968048258,NA,NA,NA,,2,2,163
DK,2023,WGBFAS,cod.27.21,126436,DIS,4_27.3.a.21_Active,,Length,29,,,Number,1.4561487689,NA,NA,NA,,2,2,163
DK,2023,WGBFAS,cod.27.21,126436,DIS,4_27.3.a.21_Active,,Length,30,,,Number,1.1355205403,NA,NA,NA,,2,2,163
DK,2023,WGBFAS,cod.27.21,126436,DIS,4_27.3.a.21_Active,,Length,31,,,Number,0.6783546943,NA,NA,NA,,2,2,163
DK,2023,WGBFAS,cod.27.21,126436,DIS,4_27.3.a.21_Active,,Length,32,,,Number,0.7986545611,NA,NA,NA,,2,2,163
DK,2023,WGBFAS,cod.27.21,126436,DIS,4_27.3.a.21_Active,,Length,33,,,Number,0.2784403951,NA,NA,NA,,2,2,163
DK,2023,WGBFAS,cod.27.21,126436,DIS,4_27.3.a.21_Active,,Length,34,,,Number,0.1392201975,NA,NA,NA,,2,2,163
DK,2023,WGBFAS,cod.27.21,126436,DIS,4_27.3.a.21_Active,,Length,37,,,Number,0.2855799483,NA,NA,NA,,2,2,163
DK,2023,WGBFAS,cod.27.21,126436,LAN,4_27.3.a.21_Active,,Age,1,ageyear,,WeightLive,NA,407.47324034,NA,NA,,6,6,221
DK,2023,WGBFAS,cod.27.21,126436,LAN,4_27.3.a.21_Active,,Age,2,ageyear,,WeightLive,NA,966.64155622,NA,NA,,6,6,221
DK,2023,WGBFAS,cod.27.21,126436,LAN,4_27.3.a.21_Active,,Age,3,ageyear,,WeightLive,NA,1663.2724273,NA,NA,,6,6,221
DK,2023,WGBFAS,cod.27.21,126436,LAN,4_27.3.a.21_Active,,Age,4,ageyear,,WeightLive,NA,2650.4198656,NA,NA,,6,6,221
DK,2023,WGBFAS,cod.27.21,126436,LAN,4_27.3.a.21_Active,,Age,5,ageyear,,WeightLive,NA,4754.227146,NA,NA,,6,6,221
DK,2023,WGBFAS,cod.27.21,126436,LAN,4_27.3.a.21_Active,,Age,7,ageyear,,WeightLive,NA,2310.75,NA,NA,,6,6,221
DK,2023,WGBFAS,cod.27.21,126436,DIS,4_27.3.a.21_Active,,Age,0,ageyear,,WeightLive,NA,57.008445419,NA,NA,,2,2,-9
DK,2023,WGBFAS,cod.27.21,126436,DIS,4_27.3.a.21_Active,,Age,1,ageyear,,WeightLive,NA,106.18136779,NA,NA,,2,2,-9
DK,2023,WGBFAS,cod.27.21,126436,DIS,4_27.3.a.21_Active,,Age,2,ageyear,,WeightLive,NA,152.83012575,NA,NA,,2,2,-9
DK,2023,WGBFAS,cod.27.21,126436,LAN,4_27.3.a.21_Active,,Length,29,,,WeightLive,NA,266.58,NA,NA,,3,3,221
DK,2023,WGBFAS,cod.27.21,126436,LAN,4_27.3.a.21_Active,,Length,30,,,WeightLive,NA,284.115,NA,NA,,3,3,221
DK,2023,WGBFAS,cod.27.21,126436,LAN,4_27.3.a.21_Active,,Length,31,,,WeightLive,NA,324.675,NA,NA,,3,3,221
DK,2023,WGBFAS,cod.27.21,126436,LAN,4_27.3.a.21_Active,,Length,32,,,WeightLive,NA,349.19181818,NA,NA,,3,3,221
DK,2023,WGBFAS,cod.27.21,126436,LAN,4_27.3.a.21_Active,,Length,33,,,WeightLive,NA,379.98,NA,NA,,3,3,221
DK,2023,WGBFAS,cod.27.21,126436,LAN,4_27.3.a.21_Active,,Length,34,,,WeightLive,NA,402.69272727,NA,NA,,3,3,221
DK,2023,WGBFAS,cod.27.21,126436,LAN,4_27.3.a.21_Active,,Length,35,,,WeightLive,NA,446.394,NA,NA,,3,3,221
DK,2023,WGBFAS,cod.27.21,126436,LAN,4_27.3.a.21_Active,,Length,36,,,WeightLive,NA,520.065,NA,NA,,3,3,221
DK,2023,WGBFAS,cod.27.21,126436,LAN,4_27.3.a.21_Active,,Length,37,,,WeightLive,NA,572.13,NA,NA,,3,3,221
DK,2023,WGBFAS,cod.27.21,126436,LAN,4_27.3.a.21_Active,,Length,38,,,WeightLive,NA,586.56,NA,NA,,3,3,221
DK,2023,WGBFAS,cod.27.21,126436,LAN,4_27.3.a.21_Active,,Length,39,,,WeightLive,NA,620.295,NA,NA,,3,3,221
DK,2023,WGBFAS,cod.27.21,126436,LAN,4_27.3.a.21_Active,,Length,40,,,WeightLive,NA,746.85,NA,NA,,3,3,221
DK,2023,WGBFAS,cod.27.21,126436,LAN,4_27.3.a.21_Active,,Length,41,,,WeightLive,NA,710.85857143,NA,NA,,3,3,221
DK,2023,WGBFAS,cod.27.21,126436,LAN,4_27.3.a.21_Active,,Length,42,,,WeightLive,NA,792.09,NA,NA,,3,3,221
DK,2023,WGBFAS,cod.27.21,126436,LAN,4_27.3.a.21_Active,,Length,43,,,WeightLive,NA,790.66,NA,NA,,3,3,221
DK,2023,WGBFAS,cod.27.21,126436,LAN,4_27.3.a.21_Active,,Length,44,,,WeightLive,NA,837.55285714,NA,NA,,3,3,221
DK,2023,WGBFAS,cod.27.21,126436,LAN,4_27.3.a.21_Active,,Length,45,,,WeightLive,NA,878.67,NA,NA,,3,3,221
DK,2023,WGBFAS,cod.27.21,126436,LAN,4_27.3.a.21_Active,,Length,46,,,WeightLive,NA,1091.178498,NA,NA,,3,3,221
DK,2023,WGBFAS,cod.27.21,126436,LAN,4_27.3.a.21_Active,,Length,47,,,WeightLive,NA,1010.88,NA,NA,,3,3,221
DK,2023,WGBFAS,cod.27.21,126436,LAN,4_27.3.a.21_Active,,Length,48,,,WeightLive,NA,1244.1264002,NA,NA,,3,3,221
DK,2023,WGBFAS,cod.27.21,126436,LAN,4_27.3.a.21_Active,,Length,49,,,WeightLive,NA,1427.4,NA,NA,,3,3,221
DK,2023,WGBFAS,cod.27.21,126436,LAN,4_27.3.a.21_Active,,Length,50,,,WeightLive,NA,1387.81297,NA,NA,,3,3,221
DK,2023,WGBFAS,cod.27.21,126436,LAN,4_27.3.a.21_Active,,Length,51,,,WeightLive,NA,1441.1923141,NA,NA,,3,3,221
DK,2023,WGBFAS,cod.27.21,126436,LAN,4_27.3.a.21_Active,,Length,52,,,WeightLive,NA,1561.95,NA,NA,,3,3,221
DK,2023,WGBFAS,cod.27.21,126436,LAN,4_27.3.a.21_Active,,Length,53,,,WeightLive,NA,1942.2,NA,NA,,3,3,221
DK,2023,WGBFAS,cod.27.21,126436,LAN,4_27.3.a.21_Active,,Length,55,,,WeightLive,NA,1603.485,NA,NA,,3,3,221
DK,2023,WGBFAS,cod.27.21,126436,LAN,4_27.3.a.21_Active,,Length,56,,,WeightLive,NA,1974.96,NA,NA,,3,3,221
DK,2023,WGBFAS,cod.27.21,126436,LAN,4_27.3.a.21_Active,,Length,57,,,WeightLive,NA,2140.515,NA,NA,,3,3,221
DK,2023,WGBFAS,cod.27.21,126436,LAN,4_27.3.a.21_Active,,Length,60,,,WeightLive,NA,2308.995,NA,NA,,3,3,221
DK,2023,WGBFAS,cod.27.21,126436,LAN,4_27.3.a.21_Active,,Length,63,,,WeightLive,NA,2310.75,NA,NA,,3,3,221
DK,2023,WGBFAS,cod.27.21,126436,LAN,4_27.3.a.21_Active,,Length,64,,,WeightLive,NA,2365.74,NA,NA,,3,3,221
DK,2023,WGBFAS,cod.27.21,126436,LAN,4_27.3.a.21_Active,,Length,65,,,WeightLive,NA,2488.2,NA,NA,,3,3,221
DK,2023,WGBFAS,cod.27.21,126436,LAN,4_27.3.a.21_Active,,Length,68,,,WeightLive,NA,2538.9,NA,NA,,3,3,221
DK,2023,WGBFAS,cod.27.21,126436,LAN,4_27.3.a.21_Active,,Length,76,,,WeightLive,NA,4422.6,NA,NA,,3,3,221
DK,2023,WGBFAS,cod.27.21,126436,LAN,4_27.3.a.21_Active,,Length,79,,,WeightLive,NA,5332.86,NA,NA,,3,3,221
DK,2023,WGBFAS,cod.27.21,126436,DIS,4_27.3.a.21_Active,,Length,13,,,WeightLive,NA,22,NA,NA,,2,2,163
DK,2023,WGBFAS,cod.27.21,126436,DIS,4_27.3.a.21_Active,,Length,14,,,WeightLive,NA,26.5,NA,NA,,2,2,163
DK,2023,WGBFAS,cod.27.21,126436,DIS,4_27.3.a.21_Active,,Length,15,,,WeightLive,NA,31.285714286,NA,NA,,2,2,163
DK,2023,WGBFAS,cod.27.21,126436,DIS,4_27.3.a.21_Active,,Length,16,,,WeightLive,NA,39.25,NA,NA,,2,2,163
DK,2023,WGBFAS,cod.27.21,126436,DIS,4_27.3.a.21_Active,,Length,17,,,WeightLive,NA,47.545454545,NA,NA,,2,2,163
DK,2023,WGBFAS,cod.27.21,126436,DIS,4_27.3.a.21_Active,,Length,18,,,WeightLive,NA,60.941176471,NA,NA,,2,2,163
DK,2023,WGBFAS,cod.27.21,126436,DIS,4_27.3.a.21_Active,,Length,19,,,WeightLive,NA,68.076923077,NA,NA,,2,2,163
DK,2023,WGBFAS,cod.27.21,126436,DIS,4_27.3.a.21_Active,,Length,20,,,WeightLive,NA,77,NA,NA,,2,2,163
DK,2023,WGBFAS,cod.27.21,126436,DIS,4_27.3.a.21_Active,,Length,21,,,WeightLive,NA,93.571428571,NA,NA,,2,2,163
DK,2023,WGBFAS,cod.27.21,126436,DIS,4_27.3.a.21_Active,,Length,22,,,WeightLive,NA,105.625,NA,NA,,2,2,163
DK,2023,WGBFAS,cod.27.21,126436,DIS,4_27.3.a.21_Active,,Length,23,,,WeightLive,NA,115.63636364,NA,NA,,2,2,163
DK,2023,WGBFAS,cod.27.21,126436,DIS,4_27.3.a.21_Active,,Length,24,,,WeightLive,NA,136.3125,NA,NA,,2,2,163
DK,2023,WGBFAS,cod.27.21,126436,DIS,4_27.3.a.21_Active,,Length,25,,,WeightLive,NA,150.15384615,NA,NA,,2,2,163
DK,2023,WGBFAS,cod.27.21,126436,DIS,4_27.3.a.21_Active,,Length,26,,,WeightLive,NA,167.08333333,NA,NA,,2,2,163
DK,2023,WGBFAS,cod.27.21,126436,DIS,4_27.3.a.21_Active,,Length,27,,,WeightLive,NA,194.28571429,NA,NA,,2,2,163
DK,2023,WGBFAS,cod.27.21,126436,DIS,4_27.3.a.21_Active,,Length,28,,,WeightLive,NA,213,NA,NA,,2,2,163
DK,2023,WGBFAS,cod.27.21,126436,DIS,4_27.3.a.21_Active,,Length,29,,,WeightLive,NA,233.66666667,NA,NA,,2,2,163
DK,2023,WGBFAS,cod.27.21,126436,DIS,4_27.3.a.21_Active,,Length,30,,,WeightLive,NA,259.25,NA,NA,,2,2,163
DK,2023,WGBFAS,cod.27.21,126436,DIS,4_27.3.a.21_Active,,Length,31,,,WeightLive,NA,295.66666667,NA,NA,,2,2,163
DK,2023,WGBFAS,cod.27.21,126436,DIS,4_27.3.a.21_Active,,Length,32,,,WeightLive,NA,328,NA,NA,,2,2,163
DK,2023,WGBFAS,cod.27.21,126436,DIS,4_27.3.a.21_Active,,Length,33,,,WeightLive,NA,364,NA,NA,,2,2,163
DK,2023,WGBFAS,cod.27.21,126436,DIS,4_27.3.a.21_Active,,Length,34,,,WeightLive,NA,394,NA,NA,,2,2,163
DK,2023,WGBFAS,cod.27.21,126436,DIS,4_27.3.a.21_Active,,Length,37,,,WeightLive,NA,425,NA,NA,,2,2,163
DK,2023,WGBFAS,cod.27.21,126436,LAN,4_27.3.a.21_Passive,,Age,1,ageyear,,Number,0.0486707782,NA,NA,NA,,6,6,221
DK,2023,WGBFAS,cod.27.21,126436,LAN,4_27.3.a.21_Passive,,Age,2,ageyear,,Number,0.0732587933,NA,NA,NA,,6,6,221
DK,2023,WGBFAS,cod.27.21,126436,LAN,4_27.3.a.21_Passive,,Age,3,ageyear,,Number,0.0304591054,NA,NA,NA,,6,6,221
DK,2023,WGBFAS,cod.27.21,126436,LAN,4_27.3.a.21_Passive,,Age,4,ageyear,,Number,0.013385399,NA,NA,NA,,6,6,221
DK,2023,WGBFAS,cod.27.21,126436,LAN,4_27.3.a.21_Passive,,Age,5,ageyear,,Number,0.0040928924,NA,NA,NA,,6,6,221
DK,2023,WGBFAS,cod.27.21,126436,LAN,4_27.3.a.21_Passive,,Age,7,ageyear,,Number,0.0016136073,NA,NA,NA,,6,6,221
DK,2023,WGBFAS,cod.27.21,126436,LAN,4_27.3.a.21_Passive,,Length,29,,,Number,0.01,NA,NA,NA,,3,3,221
DK,2023,WGBFAS,cod.27.21,126436,LAN,4_27.3.a.21_Passive,,Length,30,,,Number,0.01,NA,NA,NA,,3,3,221
DK,2023,WGBFAS,cod.27.21,126436,LAN,4_27.3.a.21_Passive,,Length,31,,,Number,0.01,NA,NA,NA,,3,3,221
DK,2023,WGBFAS,cod.27.21,126436,LAN,4_27.3.a.21_Passive,,Length,32,,,Number,0,NA,NA,NA,,3,3,221
DK,2023,WGBFAS,cod.27.21,126436,LAN,4_27.3.a.21_Passive,,Length,33,,,Number,0.01,NA,NA,NA,,3,3,221
DK,2023,WGBFAS,cod.27.21,126436,LAN,4_27.3.a.21_Passive,,Length,34,,,Number,0,NA,NA,NA,,3,3,221
DK,2023,WGBFAS,cod.27.21,126436,LAN,4_27.3.a.21_Passive,,Length,35,,,Number,0.01,NA,NA,NA,,3,3,221
DK,2023,WGBFAS,cod.27.21,126436,LAN,4_27.3.a.21_Passive,,Length,36,,,Number,0,NA,NA,NA,,3,3,221
DK,2023,WGBFAS,cod.27.21,126436,LAN,4_27.3.a.21_Passive,,Length,37,,,Number,0,NA,NA,NA,,3,3,221
DK,2023,WGBFAS,cod.27.21,126436,LAN,4_27.3.a.21_Passive,,Length,38,,,Number,0,NA,NA,NA,,3,3,221
DK,2023,WGBFAS,cod.27.21,126436,LAN,4_27.3.a.21_Passive,,Length,39,,,Number,0,NA,NA,NA,,3,3,221
DK,2023,WGBFAS,cod.27.21,126436,LAN,4_27.3.a.21_Passive,,Length,40,,,Number,0,NA,NA,NA,,3,3,221
DK,2023,WGBFAS,cod.27.21,126436,LAN,4_27.3.a.21_Passive,,Length,41,,,Number,0,NA,NA,NA,,3,3,221
DK,2023,WGBFAS,cod.27.21,126436,LAN,4_27.3.a.21_Passive,,Length,42,,,Number,0,NA,NA,NA,,3,3,221
DK,2023,WGBFAS,cod.27.21,126436,LAN,4_27.3.a.21_Passive,,Length,43,,,Number,0,NA,NA,NA,,3,3,221
DK,2023,WGBFAS,cod.27.21,126436,LAN,4_27.3.a.21_Passive,,Length,44,,,Number,0,NA,NA,NA,,3,3,221
DK,2023,WGBFAS,cod.27.21,126436,LAN,4_27.3.a.21_Passive,,Length,45,,,Number,0,NA,NA,NA,,3,3,221
DK,2023,WGBFAS,cod.27.21,126436,LAN,4_27.3.a.21_Passive,,Length,46,,,Number,0.01,NA,NA,NA,,3,3,221
DK,2023,WGBFAS,cod.27.21,126436,LAN,4_27.3.a.21_Passive,,Length,47,,,Number,0,NA,NA,NA,,3,3,221
DK,2023,WGBFAS,cod.27.21,126436,LAN,4_27.3.a.21_Passive,,Length,48,,,Number,0.01,NA,NA,NA,,3,3,221
DK,2023,WGBFAS,cod.27.21,126436,LAN,4_27.3.a.21_Passive,,Length,49,,,Number,0.01,NA,NA,NA,,3,3,221
DK,2023,WGBFAS,cod.27.21,126436,LAN,4_27.3.a.21_Passive,,Length,50,,,Number,0.01,NA,NA,NA,,3,3,221
DK,2023,WGBFAS,cod.27.21,126436,LAN,4_27.3.a.21_Passive,,Length,51,,,Number,0.02,NA,NA,NA,,3,3,221
DK,2023,WGBFAS,cod.27.21,126436,LAN,4_27.3.a.21_Passive,,Length,52,,,Number,0,NA,NA,NA,,3,3,221
DK,2023,WGBFAS,cod.27.21,126436,LAN,4_27.3.a.21_Passive,,Length,53,,,Number,0,NA,NA,NA,,3,3,221
DK,2023,WGBFAS,cod.27.21,126436,LAN,4_27.3.a.21_Passive,,Length,55,,,Number,0.01,NA,NA,NA,,3,3,221
DK,2023,WGBFAS,cod.27.21,126436,LAN,4_27.3.a.21_Passive,,Length,56,,,Number,0,NA,NA,NA,,3,3,221
DK,2023,WGBFAS,cod.27.21,126436,LAN,4_27.3.a.21_Passive,,Length,57,,,Number,0.01,NA,NA,NA,,3,3,221
DK,2023,WGBFAS,cod.27.21,126436,LAN,4_27.3.a.21_Passive,,Length,60,,,Number,0.01,NA,NA,NA,,3,3,221
DK,2023,WGBFAS,cod.27.21,126436,LAN,4_27.3.a.21_Passive,,Length,63,,,Number,0,NA,NA,NA,,3,3,221
DK,2023,WGBFAS,cod.27.21,126436,LAN,4_27.3.a.21_Passive,,Length,64,,,Number,0,NA,NA,NA,,3,3,221
DK,2023,WGBFAS,cod.27.21,126436,LAN,4_27.3.a.21_Passive,,Length,65,,,Number,0.01,NA,NA,NA,,3,3,221
DK,2023,WGBFAS,cod.27.21,126436,LAN,4_27.3.a.21_Passive,,Length,68,,,Number,0,NA,NA,NA,,3,3,221
DK,2023,WGBFAS,cod.27.21,126436,LAN,4_27.3.a.21_Passive,,Length,76,,,Number,0,NA,NA,NA,,3,3,221
DK,2023,WGBFAS,cod.27.21,126436,LAN,4_27.3.a.21_Passive,,Length,79,,,Number,0,NA,NA,NA,,3,3,221
DK,2023,WGBFAS,cod.27.21,126436,LAN,4_27.3.a.21_Passive,,Age,1,ageyear,,WeightLive,NA,407.47324034,NA,NA,,6,6,221
DK,2023,WGBFAS,cod.27.21,126436,LAN,4_27.3.a.21_Passive,,Age,2,ageyear,,WeightLive,NA,1244.7074486,NA,NA,,6,6,221
DK,2023,WGBFAS,cod.27.21,126436,LAN,4_27.3.a.21_Passive,,Age,3,ageyear,,WeightLive,NA,1771.3073709,NA,NA,,6,6,221
DK,2023,WGBFAS,cod.27.21,126436,LAN,4_27.3.a.21_Passive,,Age,4,ageyear,,WeightLive,NA,2516.3779128,NA,NA,,6,6,221
DK,2023,WGBFAS,cod.27.21,126436,LAN,4_27.3.a.21_Passive,,Age,5,ageyear,,WeightLive,NA,4897.6457914,NA,NA,,6,6,221
DK,2023,WGBFAS,cod.27.21,126436,LAN,4_27.3.a.21_Passive,,Age,7,ageyear,,WeightLive,NA,2310.75,NA,NA,,6,6,221
DK,2023,WGBFAS,cod.27.21,126436,LAN,4_27.3.a.21_Passive,,Length,29,,,WeightLive,NA,266.58,NA,NA,,3,3,221
DK,2023,WGBFAS,cod.27.21,126436,LAN,4_27.3.a.21_Passive,,Length,30,,,WeightLive,NA,284.115,NA,NA,,3,3,221
DK,2023,WGBFAS,cod.27.21,126436,LAN,4_27.3.a.21_Passive,,Length,31,,,WeightLive,NA,324.675,NA,NA,,3,3,221
DK,2023,WGBFAS,cod.27.21,126436,LAN,4_27.3.a.21_Passive,,Length,32,,,WeightLive,NA,349.19181818,NA,NA,,3,3,221
DK,2023,WGBFAS,cod.27.21,126436,LAN,4_27.3.a.21_Passive,,Length,33,,,WeightLive,NA,379.98,NA,NA,,3,3,221
DK,2023,WGBFAS,cod.27.21,126436,LAN,4_27.3.a.21_Passive,,Length,34,,,WeightLive,NA,402.69272727,NA,NA,,3,3,221
DK,2023,WGBFAS,cod.27.21,126436,LAN,4_27.3.a.21_Passive,,Length,35,,,WeightLive,NA,446.394,NA,NA,,3,3,221
DK,2023,WGBFAS,cod.27.21,126436,LAN,4_27.3.a.21_Passive,,Length,36,,,WeightLive,NA,520.065,NA,NA,,3,3,221
DK,2023,WGBFAS,cod.27.21,126436,LAN,4_27.3.a.21_Passive,,Length,37,,,WeightLive,NA,572.13,NA,NA,,3,3,221
DK,2023,WGBFAS,cod.27.21,126436,LAN,4_27.3.a.21_Passive,,Length,38,,,WeightLive,NA,586.56,NA,NA,,3,3,221
DK,2023,WGBFAS,cod.27.21,126436,LAN,4_27.3.a.21_Passive,,Length,39,,,WeightLive,NA,620.295,NA,NA,,3,3,221
DK,2023,WGBFAS,cod.27.21,126436,LAN,4_27.3.a.21_Passive,,Length,40,,,WeightLive,NA,746.85,NA,NA,,3,3,221
DK,2023,WGBFAS,cod.27.21,126436,LAN,4_27.3.a.21_Passive,,Length,41,,,WeightLive,NA,710.85857143,NA,NA,,3,3,221
DK,2023,WGBFAS,cod.27.21,126436,LAN,4_27.3.a.21_Passive,,Length,42,,,WeightLive,NA,792.09,NA,NA,,3,3,221
DK,2023,WGBFAS,cod.27.21,126436,LAN,4_27.3.a.21_Passive,,Length,43,,,WeightLive,NA,790.66,NA,NA,,3,3,221
DK,2023,WGBFAS,cod.27.21,126436,LAN,4_27.3.a.21_Passive,,Length,44,,,WeightLive,NA,837.55285714,NA,NA,,3,3,221
DK,2023,WGBFAS,cod.27.21,126436,LAN,4_27.3.a.21_Passive,,Length,45,,,WeightLive,NA,878.67,NA,NA,,3,3,221
DK,2023,WGBFAS,cod.27.21,126436,LAN,4_27.3.a.21_Passive,,Length,46,,,WeightLive,NA,1151.4035577,NA,NA,,3,3,221
DK,2023,WGBFAS,cod.27.21,126436,LAN,4_27.3.a.21_Passive,,Length,47,,,WeightLive,NA,1010.88,NA,NA,,3,3,221
DK,2023,WGBFAS,cod.27.21,126436,LAN,4_27.3.a.21_Passive,,Length,48,,,WeightLive,NA,1270.7112664,NA,NA,,3,3,221
DK,2023,WGBFAS,cod.27.21,126436,LAN,4_27.3.a.21_Passive,,Length,49,,,WeightLive,NA,1427.4,NA,NA,,3,3,221
DK,2023,WGBFAS,cod.27.21,126436,LAN,4_27.3.a.21_Passive,,Length,50,,,WeightLive,NA,1377.7599325,NA,NA,,3,3,221
DK,2023,WGBFAS,cod.27.21,126436,LAN,4_27.3.a.21_Passive,,Length,51,,,WeightLive,NA,1512.4461556,NA,NA,,3,3,221
DK,2023,WGBFAS,cod.27.21,126436,LAN,4_27.3.a.21_Passive,,Length,52,,,WeightLive,NA,1561.95,NA,NA,,3,3,221
DK,2023,WGBFAS,cod.27.21,126436,LAN,4_27.3.a.21_Passive,,Length,53,,,WeightLive,NA,1942.2,NA,NA,,3,3,221
DK,2023,WGBFAS,cod.27.21,126436,LAN,4_27.3.a.21_Passive,,Length,55,,,WeightLive,NA,1603.485,NA,NA,,3,3,221
DK,2023,WGBFAS,cod.27.21,126436,LAN,4_27.3.a.21_Passive,,Length,56,,,WeightLive,NA,1974.96,NA,NA,,3,3,221
DK,2023,WGBFAS,cod.27.21,126436,LAN,4_27.3.a.21_Passive,,Length,57,,,WeightLive,NA,2140.515,NA,NA,,3,3,221
DK,2023,WGBFAS,cod.27.21,126436,LAN,4_27.3.a.21_Passive,,Length,60,,,WeightLive,NA,2308.995,NA,NA,,3,3,221
DK,2023,WGBFAS,cod.27.21,126436,LAN,4_27.3.a.21_Passive,,Length,63,,,WeightLive,NA,2310.75,NA,NA,,3,3,221
DK,2023,WGBFAS,cod.27.21,126436,LAN,4_27.3.a.21_Passive,,Length,64,,,WeightLive,NA,2365.74,NA,NA,,3,3,221
DK,2023,WGBFAS,cod.27.21,126436,LAN,4_27.3.a.21_Passive,,Length,65,,,WeightLive,NA,2488.2,NA,NA,,3,3,221
DK,2023,WGBFAS,cod.27.21,126436,LAN,4_27.3.a.21_Passive,,Length,68,,,WeightLive,NA,2538.9,NA,NA,,3,3,221
DK,2023,WGBFAS,cod.27.21,126436,LAN,4_27.3.a.21_Passive,,Length,76,,,WeightLive,NA,4422.6,NA,NA,,3,3,221
DK,2023,WGBFAS,cod.27.21,126436,LAN,4_27.3.a.21_Passive,,Length,79,,,WeightLive,NA,5332.86,NA,NA,,3,3,221
