RecordType,Country,Year,SeasonType,Season,Fleet,AreaType,FishingArea,DepthRange,Species,Stock_orig,CatchCategory,ReportingCategory,Sex,CANUMtype,AgeLength,PlusGroup,SampledCatch,NumSamplesLngt,NumLngtMeas,NumSamplesAge,NumAgeMeas,UnitMeanWeight,UnitCANUM,UnitAgeOrLength,UnitMeanLength,Maturity,NumberCaught,MeanWeight,MeanLength,varNumLanded,varWgtLande,varLgtLanded
SD,Zimbabwe,2022,Quarter,1,SSC_DEF_>=120_0_0_all,NA,27.3.a.21,,COD,cod.27.21,LAN,R-Reported,Undetermined,Lngt,220,-9,2,3,56,0,0,g,K,cm,NA,,5e-05,248.43,NA,-9,-9,-9
SD,Zimbabwe,2022,Quarter,1,SSC_DEF_>=120_0_0_all,NA,27.3.a.21,,COD,cod.27.21,LAN,R-Reported,Undetermined,Lngt,240,-9,2,3,56,0,0,g,K,cm,NA,,5e-05,266.65,NA,-9,-9,-9
SD,Zimbabwe,2022,Quarter,1,SSC_DEF_>=120_0_0_all,NA,27.3.a.21,,COD,cod.27.21,LAN,R-Reported,Undetermined,Lngt,250,-9,2,3,56,0,0,g,K,cm,NA,,0.00026,352.6,NA,-9,-9,-9
SD,Zimbabwe,2022,Quarter,1,SSC_DEF_>=120_0_0_all,NA,27.3.a.21,,COD,cod.27.21,LAN,R-Reported,Undetermined,Lngt,260,-9,2,3,56,0,0,g,K,cm,NA,,0.00013,365.66,NA,-9,-9,-9
SD,Zimbabwe,2022,Quarter,1,SSC_DEF_>=120_0_0_all,NA,27.3.a.21,,COD,cod.27.21,LAN,R-Reported,Undetermined,Lngt,280,-9,2,3,56,0,0,g,K,cm,NA,,5e-05,486.51,NA,-9,-9,-9
SD,Zimbabwe,2022,Quarter,1,SSC_DEF_>=120_0_0_all,NA,27.3.a.21,,COD,cod.27.21,LAN,R-Reported,Undetermined,Lngt,250,-9,2,3,56,0,0,g,K,cm,NA,,5e-05,528.56,NA,-9,-9,-9
SD,Zimbabwe,2022,Quarter,1,SSC_DEF_>=120_0_0_all,NA,27.3.a.21,,COD,cod.27.21,LAN,R-Reported,Undetermined,Lngt,300,-9,2,3,56,0,0,g,K,cm,NA,,0.00018,582.6,NA,-9,-9,-9
SD,Zimbabwe,2022,Quarter,1,SSC_DEF_>=120_0_0_all,NA,27.3.a.21,,COD,cod.27.21,LAN,R-Reported,Undetermined,Lngt,330,-9,2,3,56,0,0,g,K,cm,NA,,5e-05,855.83,NA,-9,-9,-9
SD,Zimbabwe,2022,Quarter,1,SSC_DEF_>=120_0_0_all,NA,27.3.a.21,,COD,cod.27.21,LAN,R-Reported,Undetermined,Lngt,340,-9,2,3,56,0,0,g,K,cm,NA,,0.00021,664.38,NA,-9,-9,-9
SD,Zimbabwe,2022,Quarter,1,SSC_DEF_>=120_0_0_all,NA,27.3.a.21,,COD,cod.27.21,LAN,R-Reported,Undetermined,Lngt,360,-9,2,3,56,0,0,g,K,cm,NA,,0.00024,555.46,NA,-9,-9,-9
SD,Zimbabwe,2022,Quarter,1,SSC_DEF_>=120_0_0_all,NA,27.3.a.21,,COD,cod.27.21,LAN,R-Reported,Undetermined,Lngt,380,-9,2,3,56,0,0,g,K,cm,NA,,2e-04,1066.54,NA,-9,-9,-9
SD,Zimbabwe,2022,Quarter,1,SSC_DEF_>=120_0_0_all,NA,27.3.a.21,,COD,cod.27.21,LAN,R-Reported,Undetermined,Lngt,360,-9,2,3,56,0,0,g,K,cm,NA,,0.00022,1146.62,NA,-9,-9,-9
SD,Zimbabwe,2022,Quarter,1,SSC_DEF_>=120_0_0_all,NA,27.3.a.21,,COD,cod.27.21,LAN,R-Reported,Undetermined,Lngt,350,-9,2,3,56,0,0,g,K,cm,NA,,3e-05,1165.52,NA,-9,-9,-9
SD,Zimbabwe,2022,Quarter,1,SSC_DEF_>=120_0_0_all,NA,27.3.a.21,,COD,cod.27.21,LAN,R-Reported,Undetermined,Lngt,400,-9,2,3,56,0,0,g,K,cm,NA,,5e-05,1260.4,NA,-9,-9,-9
SD,Zimbabwe,2022,Quarter,1,SSC_DEF_>=120_0_0_all,NA,27.3.a.21,,COD,cod.27.21,LAN,R-Reported,Undetermined,Lngt,410,-9,2,3,56,0,0,g,K,cm,NA,,0.00028,1513.4,NA,-9,-9,-9
SD,Zimbabwe,2022,Quarter,1,SSC_DEF_>=120_0_0_all,NA,27.3.a.21,,COD,cod.27.21,LAN,R-Reported,Undetermined,Lngt,420,-9,2,3,56,0,0,g,K,cm,NA,,3e-05,1816.85,NA,-9,-9,-9
SD,Zimbabwe,2022,Quarter,1,SSC_DEF_>=120_0_0_all,NA,27.3.a.21,,COD,cod.27.21,LAN,R-Reported,Undetermined,Lngt,430,-9,2,3,56,0,0,g,K,cm,NA,,6e-05,1612.11,NA,-9,-9,-9
SD,Zimbabwe,2022,Quarter,1,SSC_DEF_>=120_0_0_all,NA,27.3.a.21,,COD,cod.27.21,LAN,R-Reported,Undetermined,Lngt,480,-9,2,3,56,0,0,g,K,cm,NA,,3e-05,2018.55,NA,-9,-9,-9
SD,Zimbabwe,2022,Quarter,1,GNS_DEF_>=220_0_0_all,NA,27.3.a.21,,COD,cod.27.21,LAN,R-Reported,Undetermined,Lngt,220,-9,46,3,56,0,0,g,K,cm,NA,,0.00111,248.43,NA,-9,-9,-9
SD,Zimbabwe,2022,Quarter,1,GNS_DEF_>=220_0_0_all,NA,27.3.a.21,,COD,cod.27.21,LAN,R-Reported,Undetermined,Lngt,240,-9,46,3,56,0,0,g,K,cm,NA,,0.00111,266.65,NA,-9,-9,-9
SD,Zimbabwe,2022,Quarter,1,GNS_DEF_>=220_0_0_all,NA,27.3.a.21,,COD,cod.27.21,LAN,R-Reported,Undetermined,Lngt,250,-9,46,3,56,0,0,g,K,cm,NA,,0.00334,352.6,NA,-9,-9,-9
SD,Zimbabwe,2022,Quarter,1,GNS_DEF_>=220_0_0_all,NA,27.3.a.21,,COD,cod.27.21,LAN,R-Reported,Undetermined,Lngt,260,-9,46,3,56,0,0,g,K,cm,NA,,0.00166,365.66,NA,-9,-9,-9
SD,Zimbabwe,2022,Quarter,1,GNS_DEF_>=220_0_0_all,NA,27.3.a.21,,COD,cod.27.21,LAN,R-Reported,Undetermined,Lngt,280,-9,46,3,56,0,0,g,K,cm,NA,,0.00111,486.51,NA,-9,-9,-9
SD,Zimbabwe,2022,Quarter,1,GNS_DEF_>=220_0_0_all,NA,27.3.a.21,,COD,cod.27.21,LAN,R-Reported,Undetermined,Lngt,250,-9,46,3,56,0,0,g,K,cm,NA,,0.00111,528.56,NA,-9,-9,-9
SD,Zimbabwe,2022,Quarter,1,GNS_DEF_>=220_0_0_all,NA,27.3.a.21,,COD,cod.27.21,LAN,R-Reported,Undetermined,Lngt,300,-9,46,3,56,0,0,g,K,cm,NA,,0.00223,582.6,NA,-9,-9,-9
SD,Zimbabwe,2022,Quarter,1,GNS_DEF_>=220_0_0_all,NA,27.3.a.21,,COD,cod.27.21,LAN,R-Reported,Undetermined,Lngt,330,-9,46,3,56,0,0,g,K,cm,NA,,0.00111,855.83,NA,-9,-9,-9
SD,Zimbabwe,2022,Quarter,1,GNS_DEF_>=220_0_0_all,NA,27.3.a.21,,COD,cod.27.21,LAN,R-Reported,Undetermined,Lngt,340,-9,46,3,56,0,0,g,K,cm,NA,,0.00286,664.38,NA,-9,-9,-9
SD,Zimbabwe,2022,Quarter,1,GNS_DEF_>=220_0_0_all,NA,27.3.a.21,,COD,cod.27.21,LAN,R-Reported,Undetermined,Lngt,360,-9,46,3,56,0,0,g,K,cm,NA,,0.00315,556.42,NA,-9,-9,-9
SD,Zimbabwe,2022,Quarter,1,GNS_DEF_>=220_0_0_all,NA,27.3.a.21,,COD,cod.27.21,LAN,R-Reported,Undetermined,Lngt,380,-9,46,3,56,0,0,g,K,cm,NA,,0.00284,1050.28,NA,-9,-9,-9
SD,Zimbabwe,2022,Quarter,1,GNS_DEF_>=220_0_0_all,NA,27.3.a.21,,COD,cod.27.21,LAN,R-Reported,Undetermined,Lngt,360,-9,46,3,56,0,0,g,K,cm,NA,,0.00252,1145.58,NA,-9,-9,-9
SD,Zimbabwe,2022,Quarter,1,GNS_DEF_>=220_0_0_all,NA,27.3.a.21,,COD,cod.27.21,LAN,R-Reported,Undetermined,Lngt,350,-9,46,3,56,0,0,g,K,cm,NA,,0.00038,1165.52,NA,-9,-9,-9
SD,Zimbabwe,2022,Quarter,1,GNS_DEF_>=220_0_0_all,NA,27.3.a.21,,COD,cod.27.21,LAN,R-Reported,Undetermined,Lngt,400,-9,46,3,56,0,0,g,K,cm,NA,,0.00126,1260.4,NA,-9,-9,-9
SD,Zimbabwe,2022,Quarter,1,GNS_DEF_>=220_0_0_all,NA,27.3.a.21,,COD,cod.27.21,LAN,R-Reported,Undetermined,Lngt,410,-9,46,3,56,0,0,g,K,cm,NA,,0.00384,1513.4,NA,-9,-9,-9
SD,Zimbabwe,2022,Quarter,1,GNS_DEF_>=220_0_0_all,NA,27.3.a.21,,COD,cod.27.21,LAN,R-Reported,Undetermined,Lngt,420,-9,46,3,56,0,0,g,K,cm,NA,,0.00042,1816.85,NA,-9,-9,-9
SD,Zimbabwe,2022,Quarter,1,GNS_DEF_>=220_0_0_all,NA,27.3.a.21,,COD,cod.27.21,LAN,R-Reported,Undetermined,Lngt,430,-9,46,3,56,0,0,g,K,cm,NA,,0.00063,1612.11,NA,-9,-9,-9
SD,Zimbabwe,2022,Quarter,1,GNS_DEF_>=220_0_0_all,NA,27.3.a.21,,COD,cod.27.21,LAN,R-Reported,Undetermined,Lngt,450,-9,46,3,56,0,0,g,K,cm,NA,,4e-04,2213.85,NA,-9,-9,-9
SD,Zimbabwe,2022,Quarter,1,GNS_DEF_>=220_0_0_all,NA,27.3.a.21,,COD,cod.27.21,LAN,R-Reported,Undetermined,Lngt,460,-9,46,3,56,0,0,g,K,cm,NA,,0.00042,2316.43,NA,-9,-9,-9
SD,Zimbabwe,2022,Quarter,1,GNS_DEF_>=220_0_0_all,NA,27.3.a.21,,COD,cod.27.21,LAN,R-Reported,Undetermined,Lngt,480,-9,46,3,56,0,0,g,K,cm,NA,,0.00204,2268.05,NA,-9,-9,-9
SD,Zimbabwe,2022,Quarter,1,GNS_DEF_>=220_0_0_all,NA,27.3.a.21,,COD,cod.27.21,LAN,R-Reported,Undetermined,Lngt,460,-9,46,3,56,0,0,g,K,cm,NA,,0.00086,2451.56,NA,-9,-9,-9
SD,Zimbabwe,2022,Quarter,1,GNS_DEF_>=220_0_0_all,NA,27.3.a.21,,COD,cod.27.21,LAN,R-Reported,Undetermined,Lngt,500,-9,46,3,56,0,0,g,K,cm,NA,,0.00122,3024.02,NA,-9,-9,-9
SD,Zimbabwe,2022,Quarter,1,GNS_DEF_>=220_0_0_all,NA,27.3.a.21,,COD,cod.27.21,LAN,R-Reported,Undetermined,Lngt,530,-9,46,3,56,0,0,g,K,cm,NA,,0.00064,3388.51,NA,-9,-9,-9
SD,Zimbabwe,2022,Quarter,1,GNS_DEF_>=220_0_0_all,NA,27.3.a.21,,COD,cod.27.21,LAN,R-Reported,Undetermined,Lngt,540,-9,46,3,56,0,0,g,K,cm,NA,,6e-04,3613.35,NA,-9,-9,-9
SD,Zimbabwe,2022,Quarter,1,GNS_DEF_>=220_0_0_all,NA,27.3.a.21,,COD,cod.27.21,LAN,R-Reported,Undetermined,Lngt,550,-9,46,3,56,0,0,g,K,cm,NA,,0.00064,4164.65,NA,-9,-9,-9
SD,Zimbabwe,2022,Quarter,1,TBB_DEF_>=120_0_0_all,NA,27.3.a.21,,COD,cod.27.21,LAN,R-Reported,Undetermined,Lngt,220,-9,625,3,56,0,0,g,K,cm,NA,,0.01634,248.43,NA,-9,-9,-9
SD,Zimbabwe,2022,Quarter,1,TBB_DEF_>=120_0_0_all,NA,27.3.a.21,,COD,cod.27.21,LAN,R-Reported,Undetermined,Lngt,240,-9,625,3,56,0,0,g,K,cm,NA,,0.01634,266.65,NA,-9,-9,-9
SD,Zimbabwe,2022,Quarter,1,TBB_DEF_>=120_0_0_all,NA,27.3.a.21,,COD,cod.27.21,LAN,R-Reported,Undetermined,Lngt,250,-9,625,3,56,0,0,g,K,cm,NA,,0.05503,352.6,NA,-9,-9,-9
SD,Zimbabwe,2022,Quarter,1,TBB_DEF_>=120_0_0_all,NA,27.3.a.21,,COD,cod.27.21,LAN,R-Reported,Undetermined,Lngt,260,-9,625,3,56,0,0,g,K,cm,NA,,0.02835,365.66,NA,-9,-9,-9
SD,Zimbabwe,2022,Quarter,1,TBB_DEF_>=120_0_0_all,NA,27.3.a.21,,COD,cod.27.21,LAN,R-Reported,Undetermined,Lngt,280,-9,625,3,56,0,0,g,K,cm,NA,,0.01634,486.51,NA,-9,-9,-9
SD,Zimbabwe,2022,Quarter,1,TBB_DEF_>=120_0_0_all,NA,27.3.a.21,,COD,cod.27.21,LAN,R-Reported,Undetermined,Lngt,250,-9,625,3,56,0,0,g,K,cm,NA,,0.01634,528.56,NA,-9,-9,-9
SD,Zimbabwe,2022,Quarter,1,TBB_DEF_>=120_0_0_all,NA,27.3.a.21,,COD,cod.27.21,LAN,R-Reported,Undetermined,Lngt,300,-9,625,3,56,0,0,g,K,cm,NA,,0.03665,582.6,NA,-9,-9,-9
SD,Zimbabwe,2022,Quarter,1,TBB_DEF_>=120_0_0_all,NA,27.3.a.21,,COD,cod.27.21,LAN,R-Reported,Undetermined,Lngt,330,-9,625,3,56,0,0,g,K,cm,NA,,0.01634,855.83,NA,-9,-9,-9
SD,Zimbabwe,2022,Quarter,1,TBB_DEF_>=120_0_0_all,NA,27.3.a.21,,COD,cod.27.21,LAN,R-Reported,Undetermined,Lngt,340,-9,625,3,56,0,0,g,K,cm,NA,,0.04583,664.38,NA,-9,-9,-9
SD,Zimbabwe,2022,Quarter,1,TBB_DEF_>=120_0_0_all,NA,27.3.a.21,,COD,cod.27.21,LAN,R-Reported,Undetermined,Lngt,360,-9,625,3,56,0,0,g,K,cm,NA,,0.05503,1002.63,NA,-9,-9,-9
SD,Zimbabwe,2022,Quarter,1,TBB_DEF_>=120_0_0_all,NA,27.3.a.21,,COD,cod.27.21,LAN,R-Reported,Undetermined,Lngt,380,-9,625,3,56,0,0,g,K,cm,NA,,0.05505,1055.44,NA,-9,-9,-9
SD,Zimbabwe,2022,Quarter,1,TBB_DEF_>=120_0_0_all,NA,27.3.a.21,,COD,cod.27.21,LAN,R-Reported,Undetermined,Lngt,360,-9,625,3,56,0,0,g,K,cm,NA,,0.05685,1155.01,NA,-9,-9,-9
SD,Zimbabwe,2022,Quarter,1,TBB_DEF_>=120_0_0_all,NA,27.3.a.21,,COD,cod.27.21,LAN,R-Reported,Undetermined,Lngt,350,-9,625,3,56,0,0,g,K,cm,NA,,0.00531,1165.52,NA,-9,-9,-9
SD,Zimbabwe,2022,Quarter,1,TBB_DEF_>=120_0_0_all,NA,27.3.a.21,,COD,cod.27.21,LAN,R-Reported,Undetermined,Lngt,400,-9,625,3,56,0,0,g,K,cm,NA,,0.0314,1260.4,NA,-9,-9,-9
SD,Zimbabwe,2022,Quarter,1,TBB_DEF_>=120_0_0_all,NA,27.3.a.21,,COD,cod.27.21,LAN,R-Reported,Undetermined,Lngt,410,-9,625,3,56,0,0,g,K,cm,NA,,0.05361,1513.4,NA,-9,-9,-9
SD,Zimbabwe,2022,Quarter,1,TBB_DEF_>=120_0_0_all,NA,27.3.a.21,,COD,cod.27.21,LAN,R-Reported,Undetermined,Lngt,420,-9,625,3,56,0,0,g,K,cm,NA,,0.01056,1816.85,NA,-9,-9,-9
SD,Zimbabwe,2022,Quarter,1,TBB_DEF_>=120_0_0_all,NA,27.3.a.21,,COD,cod.27.21,LAN,R-Reported,Undetermined,Lngt,430,-9,625,3,56,0,0,g,K,cm,NA,,0.02062,1612.11,NA,-9,-9,-9
SD,Zimbabwe,2022,Quarter,1,TBB_DEF_>=120_0_0_all,NA,27.3.a.21,,COD,cod.27.21,LAN,R-Reported,Undetermined,Lngt,450,-9,625,3,56,0,0,g,K,cm,NA,,0.00136,2213.85,NA,-9,-9,-9
SD,Zimbabwe,2022,Quarter,1,TBB_DEF_>=120_0_0_all,NA,27.3.a.21,,COD,cod.27.21,LAN,R-Reported,Undetermined,Lngt,460,-9,625,3,56,0,0,g,K,cm,NA,,0.00145,2316.43,NA,-9,-9,-9
SD,Zimbabwe,2022,Quarter,1,TBB_DEF_>=120_0_0_all,NA,27.3.a.21,,COD,cod.27.21,LAN,R-Reported,Undetermined,Lngt,480,-9,625,3,56,0,0,g,K,cm,NA,,0.01616,2135.2,NA,-9,-9,-9
SD,Zimbabwe,2022,Quarter,1,TBB_DEF_>=120_0_0_all,NA,27.3.a.21,,COD,cod.27.21,LAN,R-Reported,Undetermined,Lngt,460,-9,625,3,56,0,0,g,K,cm,NA,,0.0028,2451.56,NA,-9,-9,-9
SD,Zimbabwe,2022,Quarter,1,TBB_DEF_>=120_0_0_all,NA,27.3.a.21,,COD,cod.27.21,LAN,R-Reported,Undetermined,Lngt,500,-9,625,3,56,0,0,g,K,cm,NA,,0.00422,3024.02,NA,-9,-9,-9
SD,Zimbabwe,2022,Quarter,1,TBB_DEF_>=120_0_0_all,NA,27.3.a.21,,COD,cod.27.21,LAN,R-Reported,Undetermined,Lngt,530,-9,625,3,56,0,0,g,K,cm,NA,,0.00112,3388.51,NA,-9,-9,-9
SD,Zimbabwe,2022,Quarter,1,TBB_DEF_>=120_0_0_all,NA,27.3.a.21,,COD,cod.27.21,LAN,R-Reported,Undetermined,Lngt,540,-9,625,3,56,0,0,g,K,cm,NA,,0.00108,3613.35,NA,-9,-9,-9
SD,Zimbabwe,2022,Quarter,1,TBB_DEF_>=120_0_0_all,NA,27.3.a.21,,COD,cod.27.21,LAN,R-Reported,Undetermined,Lngt,550,-9,625,3,56,0,0,g,K,cm,NA,,0.00112,4164.65,NA,-9,-9,-9
SD,Zimbabwe,2022,Quarter,1,GNS_DEF_120-215_0_0_all,NA,27.3.a.21,,COD,cod.27.21,LAN,R-Reported,Undetermined,Lngt,220,-9,265,3,56,0,0,g,K,cm,NA,,0.01681,248.43,NA,-9,-9,-9
SD,Zimbabwe,2022,Quarter,1,GNS_DEF_120-215_0_0_all,NA,27.3.a.21,,COD,cod.27.21,LAN,R-Reported,Undetermined,Lngt,240,-9,265,3,56,0,0,g,K,cm,NA,,0.01681,266.65,NA,-9,-9,-9
SD,Zimbabwe,2022,Quarter,1,GNS_DEF_120-215_0_0_all,NA,27.3.a.21,,COD,cod.27.21,LAN,R-Reported,Undetermined,Lngt,250,-9,265,3,56,0,0,g,K,cm,NA,,0.05014,352.6,NA,-9,-9,-9
SD,Zimbabwe,2022,Quarter,1,GNS_DEF_120-215_0_0_all,NA,27.3.a.21,,COD,cod.27.21,LAN,R-Reported,Undetermined,Lngt,260,-9,265,3,56,0,0,g,K,cm,NA,,0.02455,365.66,NA,-9,-9,-9
SD,Zimbabwe,2022,Quarter,1,GNS_DEF_120-215_0_0_all,NA,27.3.a.21,,COD,cod.27.21,LAN,R-Reported,Undetermined,Lngt,280,-9,265,3,56,0,0,g,K,cm,NA,,0.01681,486.51,NA,-9,-9,-9
SD,Zimbabwe,2022,Quarter,1,GNS_DEF_120-215_0_0_all,NA,27.3.a.21,,COD,cod.27.21,LAN,R-Reported,Undetermined,Lngt,250,-9,265,3,56,0,0,g,K,cm,NA,,0.01681,528.56,NA,-9,-9,-9
SD,Zimbabwe,2022,Quarter,1,GNS_DEF_120-215_0_0_all,NA,27.3.a.21,,COD,cod.27.21,LAN,R-Reported,Undetermined,Lngt,300,-9,265,3,56,0,0,g,K,cm,NA,,0.03343,582.6,NA,-9,-9,-9
SD,Zimbabwe,2022,Quarter,1,GNS_DEF_120-215_0_0_all,NA,27.3.a.21,,COD,cod.27.21,LAN,R-Reported,Undetermined,Lngt,330,-9,265,3,56,0,0,g,K,cm,NA,,0.01681,855.83,NA,-9,-9,-9
SD,Zimbabwe,2022,Quarter,1,GNS_DEF_120-215_0_0_all,NA,27.3.a.21,,COD,cod.27.21,LAN,R-Reported,Undetermined,Lngt,340,-9,265,3,56,0,0,g,K,cm,NA,,0.04168,664.38,NA,-9,-9,-9
SD,Zimbabwe,2022,Quarter,1,GNS_DEF_120-215_0_0_all,NA,27.3.a.21,,COD,cod.27.21,LAN,R-Reported,Undetermined,Lngt,360,-9,265,3,56,0,0,g,K,cm,NA,,0.04223,563.21,NA,-9,-9,-9
SD,Zimbabwe,2022,Quarter,1,GNS_DEF_120-215_0_0_all,NA,27.3.a.21,,COD,cod.27.21,LAN,R-Reported,Undetermined,Lngt,380,-9,265,3,56,0,0,g,K,cm,NA,,0.01516,1045.55,NA,-9,-9,-9
SD,Zimbabwe,2022,Quarter,1,GNS_DEF_120-215_0_0_all,NA,27.3.a.21,,COD,cod.27.21,LAN,R-Reported,Undetermined,Lngt,360,-9,265,3,56,0,0,g,K,cm,NA,,0.02664,1130.83,NA,-9,-9,-9
SD,Zimbabwe,2022,Quarter,1,GNS_DEF_120-215_0_0_all,NA,27.3.a.21,,COD,cod.27.21,LAN,R-Reported,Undetermined,Lngt,350,-9,265,3,56,0,0,g,K,cm,NA,,0.00056,1165.52,NA,-9,-9,-9
SD,Zimbabwe,2022,Quarter,1,GNS_DEF_120-215_0_0_all,NA,27.3.a.21,,COD,cod.27.21,LAN,R-Reported,Undetermined,Lngt,400,-9,265,3,56,0,0,g,K,cm,NA,,0.00166,1260.4,NA,-9,-9,-9
SD,Zimbabwe,2022,Quarter,1,GNS_DEF_120-215_0_0_all,NA,27.3.a.21,,COD,cod.27.21,LAN,R-Reported,Undetermined,Lngt,410,-9,265,3,56,0,0,g,K,cm,NA,,0.00562,1513.4,NA,-9,-9,-9
SD,Zimbabwe,2022,Quarter,1,GNS_DEF_120-215_0_0_all,NA,27.3.a.21,,COD,cod.27.21,LAN,R-Reported,Undetermined,Lngt,420,-9,265,3,56,0,0,g,K,cm,NA,,0.00063,1816.85,NA,-9,-9,-9
SD,Zimbabwe,2022,Quarter,1,GNS_DEF_120-215_0_0_all,NA,27.3.a.21,,COD,cod.27.21,LAN,R-Reported,Undetermined,Lngt,430,-9,265,3,56,0,0,g,K,cm,NA,,0.00125,1612.11,NA,-9,-9,-9
SD,Zimbabwe,2022,Quarter,1,GNS_DEF_120-215_0_0_all,NA,27.3.a.21,,COD,cod.27.21,LAN,R-Reported,Undetermined,Lngt,450,-9,265,3,56,0,0,g,K,cm,NA,,0.00051,2213.85,NA,-9,-9,-9
SD,Zimbabwe,2022,Quarter,1,GNS_DEF_120-215_0_0_all,NA,27.3.a.21,,COD,cod.27.21,LAN,R-Reported,Undetermined,Lngt,460,-9,265,3,56,0,0,g,K,cm,NA,,0.00054,2316.43,NA,-9,-9,-9
SD,Zimbabwe,2022,Quarter,1,GNS_DEF_120-215_0_0_all,NA,27.3.a.21,,COD,cod.27.21,LAN,R-Reported,Undetermined,Lngt,480,-9,265,3,56,0,0,g,K,cm,NA,,0.0028,2288.45,NA,-9,-9,-9
SD,Zimbabwe,2022,Quarter,1,GNS_DEF_120-215_0_0_all,NA,27.3.a.21,,COD,cod.27.21,LAN,R-Reported,Undetermined,Lngt,460,-9,265,3,56,0,0,g,K,cm,NA,,0.00055,2451.56,NA,-9,-9,-9
SD,Zimbabwe,2022,Quarter,1,GNS_DEF_120-215_0_0_all,NA,27.3.a.21,,COD,cod.27.21,LAN,R-Reported,Undetermined,Lngt,500,-9,265,3,56,0,0,g,K,cm,NA,,0.00155,3024.02,NA,-9,-9,-9
SD,Zimbabwe,2022,Quarter,1,GNS_DEF_120-215_0_0_all,NA,27.3.a.21,,COD,cod.27.21,LAN,R-Reported,Undetermined,Lngt,530,-9,265,3,56,0,0,g,K,cm,NA,,0.00446,3388.51,NA,-9,-9,-9
SD,Zimbabwe,2022,Quarter,1,GNS_DEF_120-215_0_0_all,NA,27.3.a.21,,COD,cod.27.21,LAN,R-Reported,Undetermined,Lngt,540,-9,265,3,56,0,0,g,K,cm,NA,,0.00425,3613.35,NA,-9,-9,-9
SD,Zimbabwe,2022,Quarter,1,GNS_DEF_120-215_0_0_all,NA,27.3.a.21,,COD,cod.27.21,LAN,R-Reported,Undetermined,Lngt,550,-9,265,3,56,0,0,g,K,cm,NA,,0.00446,4164.65,NA,-9,-9,-9
SD,Zimbabwe,2022,Quarter,1,SDN_DEF_>=120_0_0_all,NA,27.3.a.21,,COD,cod.27.21,LAN,R-Reported,Undetermined,Lngt,220,-9,104,3,56,0,0,g,K,cm,NA,,0.00388,248.43,NA,-9,-9,-9
SD,Zimbabwe,2022,Quarter,1,SDN_DEF_>=120_0_0_all,NA,27.3.a.21,,COD,cod.27.21,LAN,R-Reported,Undetermined,Lngt,240,-9,104,3,56,0,0,g,K,cm,NA,,0.00388,266.65,NA,-9,-9,-9
SD,Zimbabwe,2022,Quarter,1,SDN_DEF_>=120_0_0_all,NA,27.3.a.21,,COD,cod.27.21,LAN,R-Reported,Undetermined,Lngt,250,-9,104,3,56,0,0,g,K,cm,NA,,0.01131,352.6,NA,-9,-9,-9
SD,Zimbabwe,2022,Quarter,1,SDN_DEF_>=120_0_0_all,NA,27.3.a.21,,COD,cod.27.21,LAN,R-Reported,Undetermined,Lngt,260,-9,104,3,56,0,0,g,K,cm,NA,,0.00563,365.66,NA,-9,-9,-9
SD,Zimbabwe,2022,Quarter,1,SDN_DEF_>=120_0_0_all,NA,27.3.a.21,,COD,cod.27.21,LAN,R-Reported,Undetermined,Lngt,280,-9,104,3,56,0,0,g,K,cm,NA,,0.00388,486.51,NA,-9,-9,-9
SD,Zimbabwe,2022,Quarter,1,SDN_DEF_>=120_0_0_all,NA,27.3.a.21,,COD,cod.27.21,LAN,R-Reported,Undetermined,Lngt,250,-9,104,3,56,0,0,g,K,cm,NA,,0.00388,528.56,NA,-9,-9,-9
SD,Zimbabwe,2022,Quarter,1,SDN_DEF_>=120_0_0_all,NA,27.3.a.21,,COD,cod.27.21,LAN,R-Reported,Undetermined,Lngt,300,-9,104,3,56,0,0,g,K,cm,NA,,0.00854,582.6,NA,-9,-9,-9
SD,Zimbabwe,2022,Quarter,1,SDN_DEF_>=120_0_0_all,NA,27.3.a.21,,COD,cod.27.21,LAN,R-Reported,Undetermined,Lngt,330,-9,104,3,56,0,0,g,K,cm,NA,,0.00388,855.83,NA,-9,-9,-9
SD,Zimbabwe,2022,Quarter,1,SDN_DEF_>=120_0_0_all,NA,27.3.a.21,,COD,cod.27.21,LAN,R-Reported,Undetermined,Lngt,340,-9,104,3,56,0,0,g,K,cm,NA,,0.0054,664.38,NA,-9,-9,-9
SD,Zimbabwe,2022,Quarter,1,SDN_DEF_>=120_0_0_all,NA,27.3.a.21,,COD,cod.27.21,LAN,R-Reported,Undetermined,Lngt,360,-9,104,3,56,0,0,g,K,cm,NA,,0.01063,556.04,NA,-9,-9,-9
SD,Zimbabwe,2022,Quarter,1,SDN_DEF_>=120_0_0_all,NA,27.3.a.21,,COD,cod.27.21,LAN,R-Reported,Undetermined,Lngt,380,-9,104,3,56,0,0,g,K,cm,NA,,0.00512,1065.56,NA,-9,-9,-9
SD,Zimbabwe,2022,Quarter,1,SDN_DEF_>=120_0_0_all,NA,27.3.a.21,,COD,cod.27.21,LAN,R-Reported,Undetermined,Lngt,360,-9,104,3,56,0,0,g,K,cm,NA,,0.00586,1145.15,NA,-9,-9,-9
SD,Zimbabwe,2022,Quarter,1,SDN_DEF_>=120_0_0_all,NA,27.3.a.21,,COD,cod.27.21,LAN,R-Reported,Undetermined,Lngt,350,-9,104,3,56,0,0,g,K,cm,NA,,0.00122,1165.52,NA,-9,-9,-9
SD,Zimbabwe,2022,Quarter,1,SDN_DEF_>=120_0_0_all,NA,27.3.a.21,,COD,cod.27.21,LAN,R-Reported,Undetermined,Lngt,400,-9,104,3,56,0,0,g,K,cm,NA,,0.00413,1260.4,NA,-9,-9,-9
SD,Zimbabwe,2022,Quarter,1,SDN_DEF_>=120_0_0_all,NA,27.3.a.21,,COD,cod.27.21,LAN,R-Reported,Undetermined,Lngt,410,-9,104,3,56,0,0,g,K,cm,NA,,0.0123,1513.4,NA,-9,-9,-9
SD,Zimbabwe,2022,Quarter,1,SDN_DEF_>=120_0_0_all,NA,27.3.a.21,,COD,cod.27.21,LAN,R-Reported,Undetermined,Lngt,420,-9,104,3,56,0,0,g,K,cm,NA,,0.00135,1816.85,NA,-9,-9,-9
SD,Zimbabwe,2022,Quarter,1,SDN_DEF_>=120_0_0_all,NA,27.3.a.21,,COD,cod.27.21,LAN,R-Reported,Undetermined,Lngt,430,-9,104,3,56,0,0,g,K,cm,NA,,0.00284,1612.11,NA,-9,-9,-9
SD,Zimbabwe,2022,Quarter,1,SDN_DEF_>=120_0_0_all,NA,27.3.a.21,,COD,cod.27.21,LAN,R-Reported,Undetermined,Lngt,450,-9,104,3,56,0,0,g,K,cm,NA,,0.00033,2213.85,NA,-9,-9,-9
SD,Zimbabwe,2022,Quarter,1,SDN_DEF_>=120_0_0_all,NA,27.3.a.21,,COD,cod.27.21,LAN,R-Reported,Undetermined,Lngt,460,-9,104,3,56,0,0,g,K,cm,NA,,0.00034,2316.43,NA,-9,-9,-9
SD,Zimbabwe,2022,Quarter,1,SDN_DEF_>=120_0_0_all,NA,27.3.a.21,,COD,cod.27.21,LAN,R-Reported,Undetermined,Lngt,480,-9,104,3,56,0,0,g,K,cm,NA,,0.00282,2163.46,NA,-9,-9,-9
SD,Zimbabwe,2022,Quarter,1,SDN_DEF_>=120_0_0_all,NA,27.3.a.21,,COD,cod.27.21,LAN,R-Reported,Undetermined,Lngt,460,-9,104,3,56,0,0,g,K,cm,NA,,0.00064,2451.56,NA,-9,-9,-9
SD,Zimbabwe,2022,Quarter,1,SDN_DEF_>=120_0_0_all,NA,27.3.a.21,,COD,cod.27.21,LAN,R-Reported,Undetermined,Lngt,500,-9,104,3,56,0,0,g,K,cm,NA,,0.001,3024.02,NA,-9,-9,-9
SD,Zimbabwe,2022,Quarter,1,SDN_DEF_>=120_0_0_all,NA,27.3.a.21,,COD,cod.27.21,LAN,R-Reported,Undetermined,Lngt,530,-9,104,3,56,0,0,g,K,cm,NA,,0.00015,3388.51,NA,-9,-9,-9
SD,Zimbabwe,2022,Quarter,1,SDN_DEF_>=120_0_0_all,NA,27.3.a.21,,COD,cod.27.21,LAN,R-Reported,Undetermined,Lngt,540,-9,104,3,56,0,0,g,K,cm,NA,,0.00016,3613.35,NA,-9,-9,-9
SD,Zimbabwe,2022,Quarter,1,SDN_DEF_>=120_0_0_all,NA,27.3.a.21,,COD,cod.27.21,LAN,R-Reported,Undetermined,Lngt,550,-9,104,3,56,0,0,g,K,cm,NA,,0.00015,4164.65,NA,-9,-9,-9
SD,Zimbabwe,2022,Quarter,1,OTB_DEF_>=120_0_0_all,NA,27.3.a.21,,COD,cod.27.21,LAN,R-Reported,Undetermined,Lngt,220,-9,4160,3,56,0,0,g,K,cm,NA,,0.14563,248.43,NA,-9,-9,-9
SD,Zimbabwe,2022,Quarter,1,OTB_DEF_>=120_0_0_all,NA,27.3.a.21,,COD,cod.27.21,LAN,R-Reported,Undetermined,Lngt,240,-9,4160,3,56,0,0,g,K,cm,NA,,0.14563,266.65,NA,-9,-9,-9
SD,Zimbabwe,2022,Quarter,1,OTB_DEF_>=120_0_0_all,NA,27.3.a.21,,COD,cod.27.21,LAN,R-Reported,Undetermined,Lngt,250,-9,4160,3,56,0,0,g,K,cm,NA,,0.44545,352.6,NA,-9,-9,-9
SD,Zimbabwe,2022,Quarter,1,OTB_DEF_>=120_0_0_all,NA,27.3.a.21,,COD,cod.27.21,LAN,R-Reported,Undetermined,Lngt,260,-9,4160,3,56,0,0,g,K,cm,NA,,0.2238,365.66,NA,-9,-9,-9
SD,Zimbabwe,2022,Quarter,1,OTB_DEF_>=120_0_0_all,NA,27.3.a.21,,COD,cod.27.21,LAN,R-Reported,Undetermined,Lngt,280,-9,4160,3,56,0,0,g,K,cm,NA,,0.14563,486.51,NA,-9,-9,-9
SD,Zimbabwe,2022,Quarter,1,OTB_DEF_>=120_0_0_all,NA,27.3.a.21,,COD,cod.27.21,LAN,R-Reported,Undetermined,Lngt,250,-9,4160,3,56,0,0,g,K,cm,NA,,0.14563,528.56,NA,-9,-9,-9
SD,Zimbabwe,2022,Quarter,1,OTB_DEF_>=120_0_0_all,NA,27.3.a.21,,COD,cod.27.21,LAN,R-Reported,Undetermined,Lngt,300,-9,4160,3,56,0,0,g,K,cm,NA,,0.25566,582.6,NA,-9,-9,-9
SD,Zimbabwe,2022,Quarter,1,OTB_DEF_>=120_0_0_all,NA,27.3.a.21,,COD,cod.27.21,LAN,R-Reported,Undetermined,Lngt,330,-9,4160,3,56,0,0,g,K,cm,NA,,0.14563,855.83,NA,-9,-9,-9
SD,Zimbabwe,2022,Quarter,1,OTB_DEF_>=120_0_0_all,NA,27.3.a.21,,COD,cod.27.21,LAN,R-Reported,Undetermined,Lngt,340,-9,4160,3,56,0,0,g,K,cm,NA,,0.38352,664.38,NA,-9,-9,-9
SD,Zimbabwe,2022,Quarter,1,OTB_DEF_>=120_0_0_all,NA,27.3.a.21,,COD,cod.27.21,LAN,R-Reported,Undetermined,Lngt,360,-9,4160,3,56,0,0,g,K,cm,NA,,0.42826,558.36,NA,-9,-9,-9
SD,Zimbabwe,2022,Quarter,1,OTB_DEF_>=120_0_0_all,NA,27.3.a.21,,COD,cod.27.21,LAN,R-Reported,Undetermined,Lngt,380,-9,4160,3,56,0,0,g,K,cm,NA,,0.36455,1051.51,NA,-9,-9,-9
SD,Zimbabwe,2022,Quarter,1,OTB_DEF_>=120_0_0_all,NA,27.3.a.21,,COD,cod.27.21,LAN,R-Reported,Undetermined,Lngt,360,-9,4160,3,56,0,0,g,K,cm,NA,,0.4051,1150.45,NA,-9,-9,-9
SD,Zimbabwe,2022,Quarter,1,OTB_DEF_>=120_0_0_all,NA,27.3.a.21,,COD,cod.27.21,LAN,R-Reported,Undetermined,Lngt,350,-9,4160,3,56,0,0,g,K,cm,NA,,0.05386,1165.52,NA,-9,-9,-9
SD,Zimbabwe,2022,Quarter,1,OTB_DEF_>=120_0_0_all,NA,27.3.a.21,,COD,cod.27.21,LAN,R-Reported,Undetermined,Lngt,400,-9,4160,3,56,0,0,g,K,cm,NA,,0.1614,1260.4,NA,-9,-9,-9
SD,Zimbabwe,2022,Quarter,1,OTB_DEF_>=120_0_0_all,NA,27.3.a.21,,COD,cod.27.21,LAN,R-Reported,Undetermined,Lngt,410,-9,4160,3,56,0,0,g,K,cm,NA,,0.54062,1513.4,NA,-9,-9,-9
SD,Zimbabwe,2022,Quarter,1,OTB_DEF_>=120_0_0_all,NA,27.3.a.21,,COD,cod.27.21,LAN,R-Reported,Undetermined,Lngt,420,-9,4160,3,56,0,0,g,K,cm,NA,,0.06113,1816.85,NA,-9,-9,-9
SD,Zimbabwe,2022,Quarter,1,OTB_DEF_>=120_0_0_all,NA,27.3.a.21,,COD,cod.27.21,LAN,R-Reported,Undetermined,Lngt,430,-9,4160,3,56,0,0,g,K,cm,NA,,0.12028,1612.11,NA,-9,-9,-9
SD,Zimbabwe,2022,Quarter,1,OTB_DEF_>=120_0_0_all,NA,27.3.a.21,,COD,cod.27.21,LAN,R-Reported,Undetermined,Lngt,450,-9,4160,3,56,0,0,g,K,cm,NA,,0.00604,2213.85,NA,-9,-9,-9
SD,Zimbabwe,2022,Quarter,1,OTB_DEF_>=120_0_0_all,NA,27.3.a.21,,COD,cod.27.21,LAN,R-Reported,Undetermined,Lngt,460,-9,4160,3,56,0,0,g,K,cm,NA,,0.00635,2316.43,NA,-9,-9,-9
SD,Zimbabwe,2022,Quarter,1,OTB_DEF_>=120_0_0_all,NA,27.3.a.21,,COD,cod.27.21,LAN,R-Reported,Undetermined,Lngt,480,-9,4160,3,56,0,0,g,K,cm,NA,,0.0656,2114.82,NA,-9,-9,-9
SD,Zimbabwe,2022,Quarter,1,OTB_DEF_>=120_0_0_all,NA,27.3.a.21,,COD,cod.27.21,LAN,R-Reported,Undetermined,Lngt,460,-9,4160,3,56,0,0,g,K,cm,NA,,0.0116,2451.56,NA,-9,-9,-9
SD,Zimbabwe,2022,Quarter,1,OTB_DEF_>=120_0_0_all,NA,27.3.a.21,,COD,cod.27.21,LAN,R-Reported,Undetermined,Lngt,500,-9,4160,3,56,0,0,g,K,cm,NA,,0.01643,3024.02,NA,-9,-9,-9
SD,Zimbabwe,2022,Quarter,1,OTB_DEF_>=120_0_0_all,NA,27.3.a.21,,COD,cod.27.21,LAN,R-Reported,Undetermined,Lngt,530,-9,4160,3,56,0,0,g,K,cm,NA,,0.01148,3388.51,NA,-9,-9,-9
SD,Zimbabwe,2022,Quarter,1,OTB_DEF_>=120_0_0_all,NA,27.3.a.21,,COD,cod.27.21,LAN,R-Reported,Undetermined,Lngt,540,-9,4160,3,56,0,0,g,K,cm,NA,,0.01055,3613.35,NA,-9,-9,-9
SD,Zimbabwe,2022,Quarter,1,OTB_DEF_>=120_0_0_all,NA,27.3.a.21,,COD,cod.27.21,LAN,R-Reported,Undetermined,Lngt,550,-9,4160,3,56,0,0,g,K,cm,NA,,0.01148,4164.65,NA,-9,-9,-9
SD,Zimbabwe,2022,Quarter,1,OTB_CRU_32-65_0_0_all,NA,27.3.a.21,,COD,cod.27.21,LAN,R-Reported,Undetermined,Lngt,360,-9,4,3,56,0,0,g,K,cm,NA,,3e-05,1108.44,NA,-9,-9,-9
SD,Zimbabwe,2022,Quarter,1,OTB_CRU_32-65_0_0_all,NA,27.3.a.21,,COD,cod.27.21,LAN,R-Reported,Undetermined,Lngt,380,-9,4,3,56,0,0,g,K,cm,NA,,0.00012,1125.24,NA,-9,-9,-9
SD,Zimbabwe,2022,Quarter,1,OTB_CRU_32-65_0_0_all,NA,27.3.a.21,,COD,cod.27.21,LAN,R-Reported,Undetermined,Lngt,360,-9,4,3,56,0,0,g,K,cm,NA,,5e-05,1185.36,NA,-9,-9,-9
SD,Zimbabwe,2022,Quarter,1,OTB_CRU_32-65_0_0_all,NA,27.3.a.21,,COD,cod.27.21,LAN,R-Reported,Undetermined,Lngt,350,-9,4,3,56,0,0,g,K,cm,NA,,3e-05,1165.52,NA,-9,-9,-9
SD,Zimbabwe,2022,Quarter,1,OTB_CRU_32-65_0_0_all,NA,27.3.a.21,,COD,cod.27.21,LAN,R-Reported,Undetermined,Lngt,400,-9,4,3,56,0,0,g,K,cm,NA,,5e-05,1260.4,NA,-9,-9,-9
SD,Zimbabwe,2022,Quarter,1,OTB_CRU_32-65_0_0_all,NA,27.3.a.21,,COD,cod.27.21,LAN,R-Reported,Undetermined,Lngt,410,-9,4,3,56,0,0,g,K,cm,NA,,0.00028,1513.4,NA,-9,-9,-9
SD,Zimbabwe,2022,Quarter,1,OTB_CRU_32-65_0_0_all,NA,27.3.a.21,,COD,cod.27.21,LAN,R-Reported,Undetermined,Lngt,420,-9,4,3,56,0,0,g,K,cm,NA,,3e-05,1816.85,NA,-9,-9,-9
SD,Zimbabwe,2022,Quarter,1,OTB_CRU_32-65_0_0_all,NA,27.3.a.21,,COD,cod.27.21,LAN,R-Reported,Undetermined,Lngt,430,-9,4,3,56,0,0,g,K,cm,NA,,6e-05,1612.11,NA,-9,-9,-9
SD,Zimbabwe,2022,Quarter,1,OTB_CRU_32-65_0_0_all,NA,27.3.a.21,,COD,cod.27.21,LAN,R-Reported,Undetermined,Lngt,450,-9,4,3,56,0,0,g,K,cm,NA,,0.00011,2213.85,NA,-9,-9,-9
SD,Zimbabwe,2022,Quarter,1,OTB_CRU_32-65_0_0_all,NA,27.3.a.21,,COD,cod.27.21,LAN,R-Reported,Undetermined,Lngt,460,-9,4,3,56,0,0,g,K,cm,NA,,0.00011,2316.43,NA,-9,-9,-9
SD,Zimbabwe,2022,Quarter,1,OTB_CRU_32-65_0_0_all,NA,27.3.a.21,,COD,cod.27.21,LAN,R-Reported,Undetermined,Lngt,480,-9,4,3,56,0,0,g,K,cm,NA,,0.00048,2335.65,NA,-9,-9,-9
SD,Zimbabwe,2022,Quarter,1,OTB_CRU_32-65_0_0_all,NA,27.3.a.21,,COD,cod.27.21,LAN,R-Reported,Undetermined,Lngt,460,-9,4,3,56,0,0,g,K,cm,NA,,0.00021,2451.56,NA,-9,-9,-9
SD,Zimbabwe,2022,Quarter,1,OTB_CRU_32-65_0_0_all,NA,27.3.a.21,,COD,cod.27.21,LAN,R-Reported,Undetermined,Lngt,500,-9,4,3,56,0,0,g,K,cm,NA,,0.00033,3024.02,NA,-9,-9,-9
SD,Zimbabwe,2022,Quarter,1,OTB_CRU_50-115_0_0_all,NA,27.3.a.21,,COD,cod.27.21,LAN,R-Reported,Undetermined,Lngt,220,-9,28556,3,56,0,0,g,K,cm,NA,,0.52188,248.43,NA,-9,-9,-9
SD,Zimbabwe,2022,Quarter,1,OTB_CRU_50-115_0_0_all,NA,27.3.a.21,,COD,cod.27.21,LAN,R-Reported,Undetermined,Lngt,240,-9,28556,3,56,0,0,g,K,cm,NA,,0.52188,266.65,NA,-9,-9,-9
SD,Zimbabwe,2022,Quarter,1,OTB_CRU_50-115_0_0_all,NA,27.3.a.21,,COD,cod.27.21,LAN,R-Reported,Undetermined,Lngt,250,-9,28556,3,56,0,0,g,K,cm,NA,,2.86532,352.6,NA,-9,-9,-9
SD,Zimbabwe,2022,Quarter,1,OTB_CRU_50-115_0_0_all,NA,27.3.a.21,,COD,cod.27.21,LAN,R-Reported,Undetermined,Lngt,260,-9,28556,3,56,0,0,g,K,cm,NA,,1.38621,365.66,NA,-9,-9,-9
SD,Zimbabwe,2022,Quarter,1,OTB_CRU_50-115_0_0_all,NA,27.3.a.21,,COD,cod.27.21,LAN,R-Reported,Undetermined,Lngt,280,-9,28556,3,56,0,0,g,K,cm,NA,,0.52188,486.51,NA,-9,-9,-9
SD,Zimbabwe,2022,Quarter,1,OTB_CRU_50-115_0_0_all,NA,27.3.a.21,,COD,cod.27.21,LAN,R-Reported,Undetermined,Lngt,250,-9,28556,3,56,0,0,g,K,cm,NA,,0.52188,528.56,NA,-9,-9,-9
SD,Zimbabwe,2022,Quarter,1,OTB_CRU_50-115_0_0_all,NA,27.3.a.21,,COD,cod.27.21,LAN,R-Reported,Undetermined,Lngt,300,-9,28556,3,56,0,0,g,K,cm,NA,,1.64355,582.6,NA,-9,-9,-9
SD,Zimbabwe,2022,Quarter,1,OTB_CRU_50-115_0_0_all,NA,27.3.a.21,,COD,cod.27.21,LAN,R-Reported,Undetermined,Lngt,330,-9,28556,3,56,0,0,g,K,cm,NA,,0.52188,855.83,NA,-9,-9,-9
SD,Zimbabwe,2022,Quarter,1,OTB_CRU_50-115_0_0_all,NA,27.3.a.21,,COD,cod.27.21,LAN,R-Reported,Undetermined,Lngt,340,-9,28556,3,56,0,0,g,K,cm,NA,,2.25856,664.38,NA,-9,-9,-9
SD,Zimbabwe,2022,Quarter,1,OTB_CRU_50-115_0_0_all,NA,27.3.a.21,,COD,cod.27.21,LAN,R-Reported,Undetermined,Lngt,360,-9,28556,3,56,0,0,g,K,cm,NA,,2.66581,555.66,NA,-9,-9,-9
SD,Zimbabwe,2022,Quarter,1,OTB_CRU_50-115_0_0_all,NA,27.3.a.21,,COD,cod.27.21,LAN,R-Reported,Undetermined,Lngt,380,-9,28556,3,56,0,0,g,K,cm,NA,,2.63538,1055.65,NA,-9,-9,-9
SD,Zimbabwe,2022,Quarter,1,OTB_CRU_50-115_0_0_all,NA,27.3.a.21,,COD,cod.27.21,LAN,R-Reported,Undetermined,Lngt,360,-9,28556,3,56,0,0,g,K,cm,NA,,2.65606,1152.65,NA,-9,-9,-9
SD,Zimbabwe,2022,Quarter,1,OTB_CRU_50-115_0_0_all,NA,27.3.a.21,,COD,cod.27.21,LAN,R-Reported,Undetermined,Lngt,350,-9,28556,3,56,0,0,g,K,cm,NA,,0.35183,1165.52,NA,-9,-9,-9
SD,Zimbabwe,2022,Quarter,1,OTB_CRU_50-115_0_0_all,NA,27.3.a.21,,COD,cod.27.21,LAN,R-Reported,Undetermined,Lngt,400,-9,28556,3,56,0,0,g,K,cm,NA,,1.32168,1260.4,NA,-9,-9,-9
SD,Zimbabwe,2022,Quarter,1,OTB_CRU_50-115_0_0_all,NA,27.3.a.21,,COD,cod.27.21,LAN,R-Reported,Undetermined,Lngt,410,-9,28556,3,56,0,0,g,K,cm,NA,,3.54065,1513.4,NA,-9,-9,-9
SD,Zimbabwe,2022,Quarter,1,OTB_CRU_50-115_0_0_all,NA,27.3.a.21,,COD,cod.27.21,LAN,R-Reported,Undetermined,Lngt,420,-9,28556,3,56,0,0,g,K,cm,NA,,0.44545,1816.85,NA,-9,-9,-9
SD,Zimbabwe,2022,Quarter,1,OTB_CRU_50-115_0_0_all,NA,27.3.a.21,,COD,cod.27.21,LAN,R-Reported,Undetermined,Lngt,430,-9,28556,3,56,0,0,g,K,cm,NA,,0.68642,1612.11,NA,-9,-9,-9
SD,Zimbabwe,2022,Quarter,1,OTB_CRU_50-115_0_0_all,NA,27.3.a.21,,COD,cod.27.21,LAN,R-Reported,Undetermined,Lngt,450,-9,28556,3,56,0,0,g,K,cm,NA,,0.04418,2213.85,NA,-9,-9,-9
SD,Zimbabwe,2022,Quarter,1,OTB_CRU_50-115_0_0_all,NA,27.3.a.21,,COD,cod.27.21,LAN,R-Reported,Undetermined,Lngt,460,-9,28556,3,56,0,0,g,K,cm,NA,,0.04643,2316.43,NA,-9,-9,-9
SD,Zimbabwe,2022,Quarter,1,OTB_CRU_50-115_0_0_all,NA,27.3.a.21,,COD,cod.27.21,LAN,R-Reported,Undetermined,Lngt,480,-9,28556,3,56,0,0,g,K,cm,NA,,0.62436,2114.58,NA,-9,-9,-9
SD,Zimbabwe,2022,Quarter,1,OTB_CRU_50-115_0_0_all,NA,27.3.a.21,,COD,cod.27.21,LAN,R-Reported,Undetermined,Lngt,460,-9,28556,3,56,0,0,g,K,cm,NA,,0.06628,2451.56,NA,-9,-9,-9
SD,Zimbabwe,2022,Quarter,1,OTB_CRU_50-115_0_0_all,NA,27.3.a.21,,COD,cod.27.21,LAN,R-Reported,Undetermined,Lngt,500,-9,28556,3,56,0,0,g,K,cm,NA,,0.13488,3024.02,NA,-9,-9,-9
SD,Zimbabwe,2022,Quarter,1,OTB_CRU_50-115_0_0_all,NA,27.3.a.21,,COD,cod.27.21,LAN,R-Reported,Undetermined,Lngt,530,-9,28556,3,56,0,0,g,K,cm,NA,,0.05436,3388.51,NA,-9,-9,-9
SD,Zimbabwe,2022,Quarter,1,OTB_CRU_50-115_0_0_all,NA,27.3.a.21,,COD,cod.27.21,LAN,R-Reported,Undetermined,Lngt,540,-9,28556,3,56,0,0,g,K,cm,NA,,0.05208,3613.35,NA,-9,-9,-9
SD,Zimbabwe,2022,Quarter,1,OTB_CRU_50-115_0_0_all,NA,27.3.a.21,,COD,cod.27.21,LAN,R-Reported,Undetermined,Lngt,550,-9,28556,3,56,0,0,g,K,cm,NA,,0.05436,4164.65,NA,-9,-9,-9
SD,Germany,2022,Quarter,2,OTB_DEF_>=120_0_0_all,NA,27.3.a.21,,COD,cod.27.21,LAN,R-Reported,Undetermined,Lngt,410,-9,100,1,2,0,0,g,K,cm,NA,,0.016,1366.5,NA,-9,-9,-9
SD,Germany,2022,Quarter,2,OTB_DEF_>=120_0_0_all,NA,27.3.a.21,,COD,cod.27.21,LAN,R-Reported,Undetermined,Lngt,500,-9,100,1,2,0,0,g,K,cm,NA,,0.016,2482.4,NA,-9,-9,-9
SD,Zimbabwe,2022,Quarter,3,GNS_DEF_>=220_0_0_all,NA,27.3.a.21,,COD,cod.27.21,LAN,R-Reported,Undetermined,Lngt,260,-9,1826,1,1,0,0,g,K,cm,NA,,0.00046,466.52,NA,-9,-9,-9
SD,Zimbabwe,2022,Quarter,3,GNS_DEF_>=220_0_0_all,NA,27.3.a.21,,COD,cod.27.21,LAN,R-Reported,Undetermined,Lngt,300,-9,1826,1,1,0,0,g,K,cm,NA,,0.00435,526.66,NA,-9,-9,-9
SD,Zimbabwe,2022,Quarter,3,GNS_DEF_>=220_0_0_all,NA,27.3.a.21,,COD,cod.27.21,LAN,R-Reported,Undetermined,Lngt,310,-9,1826,1,1,0,0,g,K,cm,NA,,0.00166,585.14,NA,-9,-9,-9
SD,Zimbabwe,2022,Quarter,3,GNS_DEF_>=220_0_0_all,NA,27.3.a.21,,COD,cod.27.21,LAN,R-Reported,Undetermined,Lngt,320,-9,1826,1,1,0,0,g,K,cm,NA,,0.00658,604.58,NA,-9,-9,-9
SD,Zimbabwe,2022,Quarter,3,GNS_DEF_>=220_0_0_all,NA,27.3.a.21,,COD,cod.27.21,LAN,R-Reported,Undetermined,Lngt,330,-9,1826,1,1,0,0,g,K,cm,NA,,0.01035,810.16,NA,-9,-9,-9
SD,Zimbabwe,2022,Quarter,3,GNS_DEF_>=220_0_0_all,NA,27.3.a.21,,COD,cod.27.21,LAN,R-Reported,Undetermined,Lngt,340,-9,1826,1,1,0,0,g,K,cm,NA,,0.02086,846,NA,-9,-9,-9
SD,Zimbabwe,2022,Quarter,3,GNS_DEF_>=220_0_0_all,NA,27.3.a.21,,COD,cod.27.21,LAN,R-Reported,Undetermined,Lngt,350,-9,1826,1,1,0,0,g,K,cm,NA,,0.01124,855.26,NA,-9,-9,-9
SD,Zimbabwe,2022,Quarter,3,GNS_DEF_>=220_0_0_all,NA,27.3.a.21,,COD,cod.27.21,LAN,R-Reported,Undetermined,Lngt,360,-9,1826,1,1,0,0,g,K,cm,NA,,0.0464,566.68,NA,-9,-9,-9
SD,Zimbabwe,2022,Quarter,3,GNS_DEF_>=220_0_0_all,NA,27.3.a.21,,COD,cod.27.21,LAN,R-Reported,Undetermined,Lngt,380,-9,1826,1,1,0,0,g,K,cm,NA,,0.05665,1048.68,NA,-9,-9,-9
SD,Zimbabwe,2022,Quarter,3,GNS_DEF_>=220_0_0_all,NA,27.3.a.21,,COD,cod.27.21,LAN,R-Reported,Undetermined,Lngt,360,-9,1826,1,1,0,0,g,K,cm,NA,,0.11665,1126.55,NA,-9,-9,-9
SD,Zimbabwe,2022,Quarter,3,GNS_DEF_>=220_0_0_all,NA,27.3.a.21,,COD,cod.27.21,LAN,R-Reported,Undetermined,Lngt,350,-9,1826,1,1,0,0,g,K,cm,NA,,0.11355,1221.28,NA,-9,-9,-9
SD,Zimbabwe,2022,Quarter,3,GNS_DEF_>=220_0_0_all,NA,27.3.a.21,,COD,cod.27.21,LAN,R-Reported,Undetermined,Lngt,400,-9,1826,1,1,0,0,g,K,cm,NA,,0.04115,1218.26,NA,-9,-9,-9
SD,Zimbabwe,2022,Quarter,3,GNS_DEF_>=220_0_0_all,NA,27.3.a.21,,COD,cod.27.21,LAN,R-Reported,Undetermined,Lngt,410,-9,1826,1,1,0,0,g,K,cm,NA,,0.05842,1411.66,NA,-9,-9,-9
SD,Zimbabwe,2022,Quarter,3,GNS_DEF_>=220_0_0_all,NA,27.3.a.21,,COD,cod.27.21,LAN,R-Reported,Undetermined,Lngt,420,-9,1826,1,1,0,0,g,K,cm,NA,,0.1236,1466.6,NA,-9,-9,-9
SD,Zimbabwe,2022,Quarter,3,GNS_DEF_>=220_0_0_all,NA,27.3.a.21,,COD,cod.27.21,LAN,R-Reported,Undetermined,Lngt,430,-9,1826,1,1,0,0,g,K,cm,NA,,0.1384,1654.44,NA,-9,-9,-9
SD,Zimbabwe,2022,Quarter,3,GNS_DEF_>=220_0_0_all,NA,27.3.a.21,,COD,cod.27.21,LAN,R-Reported,Undetermined,Lngt,440,-9,1826,1,1,0,0,g,K,cm,NA,,0.04626,1860.53,NA,-9,-9,-9
SD,Zimbabwe,2022,Quarter,3,GNS_DEF_>=220_0_0_all,NA,27.3.a.21,,COD,cod.27.21,LAN,R-Reported,Undetermined,Lngt,450,-9,1826,1,1,0,0,g,K,cm,NA,,0.12666,1526.14,NA,-9,-9,-9
SD,Zimbabwe,2022,Quarter,3,GNS_DEF_>=220_0_0_all,NA,27.3.a.21,,COD,cod.27.21,LAN,R-Reported,Undetermined,Lngt,460,-9,1826,1,1,0,0,g,K,cm,NA,,0.04632,1560.28,NA,-9,-9,-9
SD,Zimbabwe,2022,Quarter,3,GNS_DEF_>=220_0_0_all,NA,27.3.a.21,,COD,cod.27.21,LAN,R-Reported,Undetermined,Lngt,480,-9,1826,1,1,0,0,g,K,cm,NA,,0.0232,2140.64,NA,-9,-9,-9
SD,Zimbabwe,2022,Quarter,3,GNS_DEF_>=220_0_0_all,NA,27.3.a.21,,COD,cod.27.21,LAN,R-Reported,Undetermined,Lngt,460,-9,1826,1,1,0,0,g,K,cm,NA,,0.0125,2386.2,NA,-9,-9,-9
SD,Zimbabwe,2022,Quarter,3,GNS_DEF_>=220_0_0_all,NA,27.3.a.21,,COD,cod.27.21,LAN,R-Reported,Undetermined,Lngt,450,-9,1826,1,1,0,0,g,K,cm,NA,,0.01112,2506.64,NA,-9,-9,-9
SD,Zimbabwe,2022,Quarter,3,GNS_DEF_>=220_0_0_all,NA,27.3.a.21,,COD,cod.27.21,LAN,R-Reported,Undetermined,Lngt,500,-9,1826,1,1,0,0,g,K,cm,NA,,0.01133,2510.84,NA,-9,-9,-9
SD,Zimbabwe,2022,Quarter,3,GNS_DEF_>=220_0_0_all,NA,27.3.a.21,,COD,cod.27.21,LAN,R-Reported,Undetermined,Lngt,510,-9,1826,1,1,0,0,g,K,cm,NA,,0.01135,2833.41,NA,-9,-9,-9
SD,Zimbabwe,2022,Quarter,3,GNS_DEF_>=220_0_0_all,NA,27.3.a.21,,COD,cod.27.21,LAN,R-Reported,Undetermined,Lngt,520,-9,1826,1,1,0,0,g,K,cm,NA,,0.00155,2660.16,NA,-9,-9,-9
SD,Zimbabwe,2022,Quarter,3,GNS_DEF_>=220_0_0_all,NA,27.3.a.21,,COD,cod.27.21,LAN,R-Reported,Undetermined,Lngt,550,-9,1826,1,1,0,0,g,K,cm,NA,,0.04414,3508.62,NA,-9,-9,-9
SD,Zimbabwe,2022,Quarter,3,GNS_DEF_120-215_0_0_all,NA,27.3.a.21,,COD,cod.27.21,LAN,R-Reported,Undetermined,Lngt,260,-9,2216,1,1,0,0,g,K,cm,NA,,0.00645,466.52,NA,-9,-9,-9
SD,Zimbabwe,2022,Quarter,3,GNS_DEF_120-215_0_0_all,NA,27.3.a.21,,COD,cod.27.21,LAN,R-Reported,Undetermined,Lngt,300,-9,2216,1,1,0,0,g,K,cm,NA,,0.06155,526.66,NA,-9,-9,-9
SD,Zimbabwe,2022,Quarter,3,GNS_DEF_120-215_0_0_all,NA,27.3.a.21,,COD,cod.27.21,LAN,R-Reported,Undetermined,Lngt,310,-9,2216,1,1,0,0,g,K,cm,NA,,0.02642,585.14,NA,-9,-9,-9
SD,Zimbabwe,2022,Quarter,3,GNS_DEF_120-215_0_0_all,NA,27.3.a.21,,COD,cod.27.21,LAN,R-Reported,Undetermined,Lngt,320,-9,2216,1,1,0,0,g,K,cm,NA,,0.12563,604.58,NA,-9,-9,-9
SD,Zimbabwe,2022,Quarter,3,GNS_DEF_120-215_0_0_all,NA,27.3.a.21,,COD,cod.27.21,LAN,R-Reported,Undetermined,Lngt,330,-9,2216,1,1,0,0,g,K,cm,NA,,0.14511,810.16,NA,-9,-9,-9
SD,Zimbabwe,2022,Quarter,3,GNS_DEF_120-215_0_0_all,NA,27.3.a.21,,COD,cod.27.21,LAN,R-Reported,Undetermined,Lngt,340,-9,2216,1,1,0,0,g,K,cm,NA,,0.15665,815.11,NA,-9,-9,-9
SD,Zimbabwe,2022,Quarter,3,GNS_DEF_120-215_0_0_all,NA,27.3.a.21,,COD,cod.27.21,LAN,R-Reported,Undetermined,Lngt,350,-9,2216,1,1,0,0,g,K,cm,NA,,0.1586,855.26,NA,-9,-9,-9
SD,Zimbabwe,2022,Quarter,3,GNS_DEF_120-215_0_0_all,NA,27.3.a.21,,COD,cod.27.21,LAN,R-Reported,Undetermined,Lngt,360,-9,2216,1,1,0,0,g,K,cm,NA,,0.14525,501.66,NA,-9,-9,-9
SD,Zimbabwe,2022,Quarter,3,GNS_DEF_120-215_0_0_all,NA,27.3.a.21,,COD,cod.27.21,LAN,R-Reported,Undetermined,Lngt,380,-9,2216,1,1,0,0,g,K,cm,NA,,0.14665,580.51,NA,-9,-9,-9
SD,Zimbabwe,2022,Quarter,3,GNS_DEF_120-215_0_0_all,NA,27.3.a.21,,COD,cod.27.21,LAN,R-Reported,Undetermined,Lngt,360,-9,2216,1,1,0,0,g,K,cm,NA,,0.14263,1054.62,NA,-9,-9,-9
SD,Zimbabwe,2022,Quarter,3,GNS_DEF_120-215_0_0_all,NA,27.3.a.21,,COD,cod.27.21,LAN,R-Reported,Undetermined,Lngt,350,-9,2216,1,1,0,0,g,K,cm,NA,,0.11261,1205.03,NA,-9,-9,-9
SD,Zimbabwe,2022,Quarter,3,GNS_DEF_120-215_0_0_all,NA,27.3.a.21,,COD,cod.27.21,LAN,R-Reported,Undetermined,Lngt,400,-9,2216,1,1,0,0,g,K,cm,NA,,0.0366,1218.26,NA,-9,-9,-9
SD,Zimbabwe,2022,Quarter,3,GNS_DEF_120-215_0_0_all,NA,27.3.a.21,,COD,cod.27.21,LAN,R-Reported,Undetermined,Lngt,410,-9,2216,1,1,0,0,g,K,cm,NA,,0.05136,1411.66,NA,-9,-9,-9
SD,Zimbabwe,2022,Quarter,3,GNS_DEF_120-215_0_0_all,NA,27.3.a.21,,COD,cod.27.21,LAN,R-Reported,Undetermined,Lngt,420,-9,2216,1,1,0,0,g,K,cm,NA,,0.11553,1466.6,NA,-9,-9,-9
SD,Zimbabwe,2022,Quarter,3,GNS_DEF_120-215_0_0_all,NA,27.3.a.21,,COD,cod.27.21,LAN,R-Reported,Undetermined,Lngt,430,-9,2216,1,1,0,0,g,K,cm,NA,,0.12666,1654.44,NA,-9,-9,-9
SD,Zimbabwe,2022,Quarter,3,GNS_DEF_120-215_0_0_all,NA,27.3.a.21,,COD,cod.27.21,LAN,R-Reported,Undetermined,Lngt,440,-9,2216,1,1,0,0,g,K,cm,NA,,0.04265,1886.06,NA,-9,-9,-9
SD,Zimbabwe,2022,Quarter,3,GNS_DEF_120-215_0_0_all,NA,27.3.a.21,,COD,cod.27.21,LAN,R-Reported,Undetermined,Lngt,450,-9,2216,1,1,0,0,g,K,cm,NA,,0.11661,1526.01,NA,-9,-9,-9
SD,Zimbabwe,2022,Quarter,3,GNS_DEF_120-215_0_0_all,NA,27.3.a.21,,COD,cod.27.21,LAN,R-Reported,Undetermined,Lngt,460,-9,2216,1,1,0,0,g,K,cm,NA,,0.04268,1558.2,NA,-9,-9,-9
SD,Zimbabwe,2022,Quarter,3,GNS_DEF_120-215_0_0_all,NA,27.3.a.21,,COD,cod.27.21,LAN,R-Reported,Undetermined,Lngt,480,-9,2216,1,1,0,0,g,K,cm,NA,,0.02016,2133.06,NA,-9,-9,-9
SD,Zimbabwe,2022,Quarter,3,GNS_DEF_120-215_0_0_all,NA,27.3.a.21,,COD,cod.27.21,LAN,R-Reported,Undetermined,Lngt,460,-9,2216,1,1,0,0,g,K,cm,NA,,0.01054,2386.2,NA,-9,-9,-9
SD,Zimbabwe,2022,Quarter,3,GNS_DEF_120-215_0_0_all,NA,27.3.a.21,,COD,cod.27.21,LAN,R-Reported,Undetermined,Lngt,450,-9,2216,1,1,0,0,g,K,cm,NA,,0.00506,2506.64,NA,-9,-9,-9
SD,Zimbabwe,2022,Quarter,3,GNS_DEF_120-215_0_0_all,NA,27.3.a.21,,COD,cod.27.21,LAN,R-Reported,Undetermined,Lngt,500,-9,2216,1,1,0,0,g,K,cm,NA,,0.00525,2510.84,NA,-9,-9,-9
SD,Zimbabwe,2022,Quarter,3,GNS_DEF_120-215_0_0_all,NA,27.3.a.21,,COD,cod.27.21,LAN,R-Reported,Undetermined,Lngt,510,-9,2216,1,1,0,0,g,K,cm,NA,,0.0053,2833.41,NA,-9,-9,-9
SD,Zimbabwe,2022,Quarter,3,GNS_DEF_120-215_0_0_all,NA,27.3.a.21,,COD,cod.27.21,LAN,R-Reported,Undetermined,Lngt,520,-9,2216,1,1,0,0,g,K,cm,NA,,0.0013,2660.16,NA,-9,-9,-9
SD,Zimbabwe,2022,Quarter,3,GNS_DEF_120-215_0_0_all,NA,27.3.a.21,,COD,cod.27.21,LAN,R-Reported,Undetermined,Lngt,550,-9,2216,1,1,0,0,g,K,cm,NA,,0.03842,3508.62,NA,-9,-9,-9
SD,Zimbabwe,2022,Quarter,3,OTB_DEF_>=120_0_0_all,NA,27.3.a.21,,COD,cod.27.21,LAN,R-Reported,Undetermined,Lngt,260,-9,851,1,1,0,0,g,K,cm,NA,,0.00333,466.52,NA,-9,-9,-9
SD,Zimbabwe,2022,Quarter,3,OTB_DEF_>=120_0_0_all,NA,27.3.a.21,,COD,cod.27.21,LAN,R-Reported,Undetermined,Lngt,300,-9,851,1,1,0,0,g,K,cm,NA,,0.03158,526.66,NA,-9,-9,-9
SD,Zimbabwe,2022,Quarter,3,OTB_DEF_>=120_0_0_all,NA,27.3.a.21,,COD,cod.27.21,LAN,R-Reported,Undetermined,Lngt,310,-9,851,1,1,0,0,g,K,cm,NA,,0.01355,585.14,NA,-9,-9,-9
SD,Zimbabwe,2022,Quarter,3,OTB_DEF_>=120_0_0_all,NA,27.3.a.21,,COD,cod.27.21,LAN,R-Reported,Undetermined,Lngt,320,-9,851,1,1,0,0,g,K,cm,NA,,0.06454,604.58,NA,-9,-9,-9
SD,Zimbabwe,2022,Quarter,3,OTB_DEF_>=120_0_0_all,NA,27.3.a.21,,COD,cod.27.21,LAN,R-Reported,Undetermined,Lngt,330,-9,851,1,1,0,0,g,K,cm,NA,,0.08443,810.16,NA,-9,-9,-9
SD,Zimbabwe,2022,Quarter,3,OTB_DEF_>=120_0_0_all,NA,27.3.a.21,,COD,cod.27.21,LAN,R-Reported,Undetermined,Lngt,340,-9,851,1,1,0,0,g,K,cm,NA,,0.08521,818.3,NA,-9,-9,-9
SD,Zimbabwe,2022,Quarter,3,OTB_DEF_>=120_0_0_all,NA,27.3.a.21,,COD,cod.27.21,LAN,R-Reported,Undetermined,Lngt,350,-9,851,1,1,0,0,g,K,cm,NA,,0.06063,855.26,NA,-9,-9,-9
SD,Zimbabwe,2022,Quarter,3,OTB_DEF_>=120_0_0_all,NA,27.3.a.21,,COD,cod.27.21,LAN,R-Reported,Undetermined,Lngt,360,-9,851,1,1,0,0,g,K,cm,NA,,0.06852,650.54,NA,-9,-9,-9
SD,Zimbabwe,2022,Quarter,3,OTB_DEF_>=120_0_0_all,NA,27.3.a.21,,COD,cod.27.21,LAN,R-Reported,Undetermined,Lngt,380,-9,851,1,1,0,0,g,K,cm,NA,,0.06486,553.84,NA,-9,-9,-9
SD,Zimbabwe,2022,Quarter,3,OTB_DEF_>=120_0_0_all,NA,27.3.a.21,,COD,cod.27.21,LAN,R-Reported,Undetermined,Lngt,360,-9,851,1,1,0,0,g,K,cm,NA,,0.04865,1085.54,NA,-9,-9,-9
SD,Zimbabwe,2022,Quarter,3,OTB_DEF_>=120_0_0_all,NA,27.3.a.21,,COD,cod.27.21,LAN,R-Reported,Undetermined,Lngt,350,-9,851,1,1,0,0,g,K,cm,NA,,0.03262,1156.64,NA,-9,-9,-9
SD,Zimbabwe,2022,Quarter,3,OTB_DEF_>=120_0_0_all,NA,27.3.a.21,,COD,cod.27.21,LAN,R-Reported,Undetermined,Lngt,400,-9,851,1,1,0,0,g,K,cm,NA,,0.01061,1218.26,NA,-9,-9,-9
SD,Zimbabwe,2022,Quarter,3,OTB_DEF_>=120_0_0_all,NA,27.3.a.21,,COD,cod.27.21,LAN,R-Reported,Undetermined,Lngt,410,-9,851,1,1,0,0,g,K,cm,NA,,0.02513,1411.66,NA,-9,-9,-9
SD,Zimbabwe,2022,Quarter,3,OTB_DEF_>=120_0_0_all,NA,27.3.a.21,,COD,cod.27.21,LAN,R-Reported,Undetermined,Lngt,420,-9,851,1,1,0,0,g,K,cm,NA,,0.03166,1466.6,NA,-9,-9,-9
SD,Zimbabwe,2022,Quarter,3,OTB_DEF_>=120_0_0_all,NA,27.3.a.21,,COD,cod.27.21,LAN,R-Reported,Undetermined,Lngt,430,-9,851,1,1,0,0,g,K,cm,NA,,0.03544,1654.44,NA,-9,-9,-9
SD,Zimbabwe,2022,Quarter,3,OTB_DEF_>=120_0_0_all,NA,27.3.a.21,,COD,cod.27.21,LAN,R-Reported,Undetermined,Lngt,440,-9,851,1,1,0,0,g,K,cm,NA,,0.01285,1602.06,NA,-9,-9,-9
SD,Zimbabwe,2022,Quarter,3,OTB_DEF_>=120_0_0_all,NA,27.3.a.21,,COD,cod.27.21,LAN,R-Reported,Undetermined,Lngt,450,-9,851,1,1,0,0,g,K,cm,NA,,0.03255,1526.62,NA,-9,-9,-9
SD,Zimbabwe,2022,Quarter,3,OTB_DEF_>=120_0_0_all,NA,27.3.a.21,,COD,cod.27.21,LAN,R-Reported,Undetermined,Lngt,460,-9,851,1,1,0,0,g,K,cm,NA,,0.01288,1585.04,NA,-9,-9,-9
SD,Zimbabwe,2022,Quarter,3,OTB_DEF_>=120_0_0_all,NA,27.3.a.21,,COD,cod.27.21,LAN,R-Reported,Undetermined,Lngt,480,-9,851,1,1,0,0,g,K,cm,NA,,0.00626,2168.13,NA,-9,-9,-9
SD,Zimbabwe,2022,Quarter,3,OTB_DEF_>=120_0_0_all,NA,27.3.a.21,,COD,cod.27.21,LAN,R-Reported,Undetermined,Lngt,460,-9,851,1,1,0,0,g,K,cm,NA,,0.00558,2386.2,NA,-9,-9,-9
SD,Zimbabwe,2022,Quarter,3,OTB_DEF_>=120_0_0_all,NA,27.3.a.21,,COD,cod.27.21,LAN,R-Reported,Undetermined,Lngt,450,-9,851,1,1,0,0,g,K,cm,NA,,0.00461,2506.64,NA,-9,-9,-9
SD,Zimbabwe,2022,Quarter,3,OTB_DEF_>=120_0_0_all,NA,27.3.a.21,,COD,cod.27.21,LAN,R-Reported,Undetermined,Lngt,500,-9,851,1,1,0,0,g,K,cm,NA,,0.00465,2510.84,NA,-9,-9,-9
SD,Zimbabwe,2022,Quarter,3,OTB_DEF_>=120_0_0_all,NA,27.3.a.21,,COD,cod.27.21,LAN,R-Reported,Undetermined,Lngt,510,-9,851,1,1,0,0,g,K,cm,NA,,0.00452,2833.41,NA,-9,-9,-9
SD,Zimbabwe,2022,Quarter,3,OTB_DEF_>=120_0_0_all,NA,27.3.a.21,,COD,cod.27.21,LAN,R-Reported,Undetermined,Lngt,520,-9,851,1,1,0,0,g,K,cm,NA,,0.00065,2660.16,NA,-9,-9,-9
SD,Zimbabwe,2022,Quarter,3,OTB_DEF_>=120_0_0_all,NA,27.3.a.21,,COD,cod.27.21,LAN,R-Reported,Undetermined,Lngt,550,-9,851,1,1,0,0,g,K,cm,NA,,0.00565,3508.62,NA,-9,-9,-9
SD,Zimbabwe,2022,Quarter,3,SSC_DEF_>=120_0_0_all,NA,27.3.a.21,,COD,cod.27.21,LAN,R-Reported,Undetermined,Lngt,260,-9,84,1,1,0,0,g,K,cm,NA,,0.00026,466.52,NA,-9,-9,-9
SD,Zimbabwe,2022,Quarter,3,SSC_DEF_>=120_0_0_all,NA,27.3.a.21,,COD,cod.27.21,LAN,R-Reported,Undetermined,Lngt,300,-9,84,1,1,0,0,g,K,cm,NA,,0.00262,526.66,NA,-9,-9,-9
SD,Zimbabwe,2022,Quarter,3,SSC_DEF_>=120_0_0_all,NA,27.3.a.21,,COD,cod.27.21,LAN,R-Reported,Undetermined,Lngt,310,-9,84,1,1,0,0,g,K,cm,NA,,0.00112,585.14,NA,-9,-9,-9
SD,Zimbabwe,2022,Quarter,3,SSC_DEF_>=120_0_0_all,NA,27.3.a.21,,COD,cod.27.21,LAN,R-Reported,Undetermined,Lngt,320,-9,84,1,1,0,0,g,K,cm,NA,,0.00535,604.58,NA,-9,-9,-9
SD,Zimbabwe,2022,Quarter,3,SSC_DEF_>=120_0_0_all,NA,27.3.a.21,,COD,cod.27.21,LAN,R-Reported,Undetermined,Lngt,330,-9,84,1,1,0,0,g,K,cm,NA,,0.00618,810.16,NA,-9,-9,-9
SD,Zimbabwe,2022,Quarter,3,SSC_DEF_>=120_0_0_all,NA,27.3.a.21,,COD,cod.27.21,LAN,R-Reported,Undetermined,Lngt,340,-9,84,1,1,0,0,g,K,cm,NA,,0.00656,818.26,NA,-9,-9,-9
SD,Zimbabwe,2022,Quarter,3,SSC_DEF_>=120_0_0_all,NA,27.3.a.21,,COD,cod.27.21,LAN,R-Reported,Undetermined,Lngt,350,-9,84,1,1,0,0,g,K,cm,NA,,0.0068,855.26,NA,-9,-9,-9
SD,Zimbabwe,2022,Quarter,3,SSC_DEF_>=120_0_0_all,NA,27.3.a.21,,COD,cod.27.21,LAN,R-Reported,Undetermined,Lngt,360,-9,84,1,1,0,0,g,K,cm,NA,,0.00555,650.41,NA,-9,-9,-9
SD,Zimbabwe,2022,Quarter,3,SSC_DEF_>=120_0_0_all,NA,27.3.a.21,,COD,cod.27.21,LAN,R-Reported,Undetermined,Lngt,380,-9,84,1,1,0,0,g,K,cm,NA,,0.00536,553.54,NA,-9,-9,-9
SD,Zimbabwe,2022,Quarter,3,SSC_DEF_>=120_0_0_all,NA,27.3.a.21,,COD,cod.27.21,LAN,R-Reported,Undetermined,Lngt,360,-9,84,1,1,0,0,g,K,cm,NA,,0.00353,1085.65,NA,-9,-9,-9
SD,Zimbabwe,2022,Quarter,3,SSC_DEF_>=120_0_0_all,NA,27.3.a.21,,COD,cod.27.21,LAN,R-Reported,Undetermined,Lngt,350,-9,84,1,1,0,0,g,K,cm,NA,,0.00266,1156.65,NA,-9,-9,-9
SD,Zimbabwe,2022,Quarter,3,SSC_DEF_>=120_0_0_all,NA,27.3.a.21,,COD,cod.27.21,LAN,R-Reported,Undetermined,Lngt,400,-9,84,1,1,0,0,g,K,cm,NA,,0.00068,1218.26,NA,-9,-9,-9
SD,Zimbabwe,2022,Quarter,3,SSC_DEF_>=120_0_0_all,NA,27.3.a.21,,COD,cod.27.21,LAN,R-Reported,Undetermined,Lngt,410,-9,84,1,1,0,0,g,K,cm,NA,,0.00206,1411.66,NA,-9,-9,-9
SD,Zimbabwe,2022,Quarter,3,SSC_DEF_>=120_0_0_all,NA,27.3.a.21,,COD,cod.27.21,LAN,R-Reported,Undetermined,Lngt,420,-9,84,1,1,0,0,g,K,cm,NA,,0.00262,1466.6,NA,-9,-9,-9
SD,Zimbabwe,2022,Quarter,3,SSC_DEF_>=120_0_0_all,NA,27.3.a.21,,COD,cod.27.21,LAN,R-Reported,Undetermined,Lngt,430,-9,84,1,1,0,0,g,K,cm,NA,,0.00251,1654.44,NA,-9,-9,-9
SD,Zimbabwe,2022,Quarter,3,SSC_DEF_>=120_0_0_all,NA,27.3.a.21,,COD,cod.27.21,LAN,R-Reported,Undetermined,Lngt,440,-9,84,1,1,0,0,g,K,cm,NA,,0.00116,1635.05,NA,-9,-9,-9
SD,Zimbabwe,2022,Quarter,3,SSC_DEF_>=120_0_0_all,NA,27.3.a.21,,COD,cod.27.21,LAN,R-Reported,Undetermined,Lngt,450,-9,84,1,1,0,0,g,K,cm,NA,,0.00285,1530.15,NA,-9,-9,-9
SD,Zimbabwe,2022,Quarter,3,SSC_DEF_>=120_0_0_all,NA,27.3.a.21,,COD,cod.27.21,LAN,R-Reported,Undetermined,Lngt,460,-9,84,1,1,0,0,g,K,cm,NA,,0.00115,2000.31,NA,-9,-9,-9
SD,Zimbabwe,2022,Quarter,3,SSC_DEF_>=120_0_0_all,NA,27.3.a.21,,COD,cod.27.21,LAN,R-Reported,Undetermined,Lngt,480,-9,84,1,1,0,0,g,K,cm,NA,,0.00108,2152.46,NA,-9,-9,-9
SD,Zimbabwe,2022,Quarter,3,SSC_DEF_>=120_0_0_all,NA,27.3.a.21,,COD,cod.27.21,LAN,R-Reported,Undetermined,Lngt,460,-9,84,1,1,0,0,g,K,cm,NA,,0.00064,2386.2,NA,-9,-9,-9
SD,Zimbabwe,2022,Quarter,3,SSC_DEF_>=120_0_0_all,NA,27.3.a.21,,COD,cod.27.21,LAN,R-Reported,Undetermined,Lngt,450,-9,84,1,1,0,0,g,K,cm,NA,,0.00082,2506.64,NA,-9,-9,-9
SD,Zimbabwe,2022,Quarter,3,SSC_DEF_>=120_0_0_all,NA,27.3.a.21,,COD,cod.27.21,LAN,R-Reported,Undetermined,Lngt,500,-9,84,1,1,0,0,g,K,cm,NA,,0.00084,2510.84,NA,-9,-9,-9
SD,Zimbabwe,2022,Quarter,3,SSC_DEF_>=120_0_0_all,NA,27.3.a.21,,COD,cod.27.21,LAN,R-Reported,Undetermined,Lngt,510,-9,84,1,1,0,0,g,K,cm,NA,,0.00084,2833.41,NA,-9,-9,-9
SD,Zimbabwe,2022,Quarter,3,SSC_DEF_>=120_0_0_all,NA,27.3.a.21,,COD,cod.27.21,LAN,R-Reported,Undetermined,Lngt,520,-9,84,1,1,0,0,g,K,cm,NA,,1e-04,2660.16,NA,-9,-9,-9
SD,Zimbabwe,2022,Quarter,3,SSC_DEF_>=120_0_0_all,NA,27.3.a.21,,COD,cod.27.21,LAN,R-Reported,Undetermined,Lngt,550,-9,84,1,1,0,0,g,K,cm,NA,,0.00146,3508.62,NA,-9,-9,-9
SD,Zimbabwe,2022,Quarter,3,SDN_DEF_>=120_0_0_all,NA,27.3.a.21,,COD,cod.27.21,LAN,R-Reported,Undetermined,Lngt,260,-9,861,1,1,0,0,g,K,cm,NA,,0.00461,466.52,NA,-9,-9,-9
SD,Zimbabwe,2022,Quarter,3,SDN_DEF_>=120_0_0_all,NA,27.3.a.21,,COD,cod.27.21,LAN,R-Reported,Undetermined,Lngt,300,-9,861,1,1,0,0,g,K,cm,NA,,0.04556,526.66,NA,-9,-9,-9
SD,Zimbabwe,2022,Quarter,3,SDN_DEF_>=120_0_0_all,NA,27.3.a.21,,COD,cod.27.21,LAN,R-Reported,Undetermined,Lngt,310,-9,861,1,1,0,0,g,K,cm,NA,,0.01556,585.14,NA,-9,-9,-9
SD,Zimbabwe,2022,Quarter,3,SDN_DEF_>=120_0_0_all,NA,27.3.a.21,,COD,cod.27.21,LAN,R-Reported,Undetermined,Lngt,320,-9,861,1,1,0,0,g,K,cm,NA,,0.05316,604.58,NA,-9,-9,-9
SD,Zimbabwe,2022,Quarter,3,SDN_DEF_>=120_0_0_all,NA,27.3.a.21,,COD,cod.27.21,LAN,R-Reported,Undetermined,Lngt,330,-9,861,1,1,0,0,g,K,cm,NA,,0.10846,810.16,NA,-9,-9,-9
SD,Zimbabwe,2022,Quarter,3,SDN_DEF_>=120_0_0_all,NA,27.3.a.21,,COD,cod.27.21,LAN,R-Reported,Undetermined,Lngt,340,-9,861,1,1,0,0,g,K,cm,NA,,0.11206,815.56,NA,-9,-9,-9
SD,Zimbabwe,2022,Quarter,3,SDN_DEF_>=120_0_0_all,NA,27.3.a.21,,COD,cod.27.21,LAN,R-Reported,Undetermined,Lngt,350,-9,861,1,1,0,0,g,K,cm,NA,,0.11681,855.26,NA,-9,-9,-9
SD,Zimbabwe,2022,Quarter,3,SDN_DEF_>=120_0_0_all,NA,27.3.a.21,,COD,cod.27.21,LAN,R-Reported,Undetermined,Lngt,360,-9,861,1,1,0,0,g,K,cm,NA,,0.06636,660.86,NA,-9,-9,-9
SD,Zimbabwe,2022,Quarter,3,SDN_DEF_>=120_0_0_all,NA,27.3.a.21,,COD,cod.27.21,LAN,R-Reported,Undetermined,Lngt,380,-9,861,1,1,0,0,g,K,cm,NA,,0.06168,538.55,NA,-9,-9,-9
SD,Zimbabwe,2022,Quarter,3,SDN_DEF_>=120_0_0_all,NA,27.3.a.21,,COD,cod.27.21,LAN,R-Reported,Undetermined,Lngt,360,-9,861,1,1,0,0,g,K,cm,NA,,0.0431,1043.66,NA,-9,-9,-9
SD,Zimbabwe,2022,Quarter,3,SDN_DEF_>=120_0_0_all,NA,27.3.a.21,,COD,cod.27.21,LAN,R-Reported,Undetermined,Lngt,350,-9,861,1,1,0,0,g,K,cm,NA,,0.02158,1181.15,NA,-9,-9,-9
SD,Zimbabwe,2022,Quarter,3,SDN_DEF_>=120_0_0_all,NA,27.3.a.21,,COD,cod.27.21,LAN,R-Reported,Undetermined,Lngt,400,-9,861,1,1,0,0,g,K,cm,NA,,0.00604,1218.26,NA,-9,-9,-9
SD,Zimbabwe,2022,Quarter,3,SDN_DEF_>=120_0_0_all,NA,27.3.a.21,,COD,cod.27.21,LAN,R-Reported,Undetermined,Lngt,410,-9,861,1,1,0,0,g,K,cm,NA,,0.0143,1411.66,NA,-9,-9,-9
SD,Zimbabwe,2022,Quarter,3,SDN_DEF_>=120_0_0_all,NA,27.3.a.21,,COD,cod.27.21,LAN,R-Reported,Undetermined,Lngt,420,-9,861,1,1,0,0,g,K,cm,NA,,0.01614,1466.6,NA,-9,-9,-9
SD,Zimbabwe,2022,Quarter,3,SDN_DEF_>=120_0_0_all,NA,27.3.a.21,,COD,cod.27.21,LAN,R-Reported,Undetermined,Lngt,430,-9,861,1,1,0,0,g,K,cm,NA,,0.02016,1654.44,NA,-9,-9,-9
SD,Zimbabwe,2022,Quarter,3,SDN_DEF_>=120_0_0_all,NA,27.3.a.21,,COD,cod.27.21,LAN,R-Reported,Undetermined,Lngt,440,-9,861,1,1,0,0,g,K,cm,NA,,0.0081,1855.26,NA,-9,-9,-9
SD,Zimbabwe,2022,Quarter,3,SDN_DEF_>=120_0_0_all,NA,27.3.a.21,,COD,cod.27.21,LAN,R-Reported,Undetermined,Lngt,450,-9,861,1,1,0,0,g,K,cm,NA,,0.01682,1526.6,NA,-9,-9,-9
SD,Zimbabwe,2022,Quarter,3,SDN_DEF_>=120_0_0_all,NA,27.3.a.21,,COD,cod.27.21,LAN,R-Reported,Undetermined,Lngt,460,-9,861,1,1,0,0,g,K,cm,NA,,0.00811,1580.38,NA,-9,-9,-9
SD,Zimbabwe,2022,Quarter,3,SDN_DEF_>=120_0_0_all,NA,27.3.a.21,,COD,cod.27.21,LAN,R-Reported,Undetermined,Lngt,480,-9,861,1,1,0,0,g,K,cm,NA,,0.00428,2160.15,NA,-9,-9,-9
SD,Zimbabwe,2022,Quarter,3,SDN_DEF_>=120_0_0_all,NA,27.3.a.21,,COD,cod.27.21,LAN,R-Reported,Undetermined,Lngt,460,-9,861,1,1,0,0,g,K,cm,NA,,0.00285,2386.2,NA,-9,-9,-9
SD,Zimbabwe,2022,Quarter,3,SDN_DEF_>=120_0_0_all,NA,27.3.a.21,,COD,cod.27.21,LAN,R-Reported,Undetermined,Lngt,450,-9,861,1,1,0,0,g,K,cm,NA,,0.00238,2506.64,NA,-9,-9,-9
SD,Zimbabwe,2022,Quarter,3,SDN_DEF_>=120_0_0_all,NA,27.3.a.21,,COD,cod.27.21,LAN,R-Reported,Undetermined,Lngt,500,-9,861,1,1,0,0,g,K,cm,NA,,0.00241,2510.84,NA,-9,-9,-9
SD,Zimbabwe,2022,Quarter,3,SDN_DEF_>=120_0_0_all,NA,27.3.a.21,,COD,cod.27.21,LAN,R-Reported,Undetermined,Lngt,510,-9,861,1,1,0,0,g,K,cm,NA,,0.00243,2833.41,NA,-9,-9,-9
SD,Zimbabwe,2022,Quarter,3,SDN_DEF_>=120_0_0_all,NA,27.3.a.21,,COD,cod.27.21,LAN,R-Reported,Undetermined,Lngt,520,-9,861,1,1,0,0,g,K,cm,NA,,0.00034,2660.16,NA,-9,-9,-9
SD,Zimbabwe,2022,Quarter,3,SDN_DEF_>=120_0_0_all,NA,27.3.a.21,,COD,cod.27.21,LAN,R-Reported,Undetermined,Lngt,550,-9,861,1,1,0,0,g,K,cm,NA,,0.00802,3508.62,NA,-9,-9,-9
SD,Zimbabwe,2022,Quarter,3,OTB_CRU_50-115_0_0_all,NA,27.3.a.21,,COD,cod.27.21,DIS,R-Reported,Undetermined,Lngt,150,-9,1305,5,13,0,0,g,K,cm,NA,,0.34865,136,NA,-9,-9,-9
SD,Zimbabwe,2022,Quarter,3,OTB_CRU_50-115_0_0_all,NA,27.3.a.21,,COD,cod.27.21,DIS,R-Reported,Undetermined,Lngt,210,-9,1305,5,13,0,0,g,K,cm,NA,,0.36206,180,NA,-9,-9,-9
SD,Zimbabwe,2022,Quarter,3,OTB_CRU_50-115_0_0_all,NA,27.3.a.21,,COD,cod.27.21,DIS,R-Reported,Undetermined,Lngt,220,-9,1305,5,13,0,0,g,K,cm,NA,,0.86411,231,NA,-9,-9,-9
SD,Zimbabwe,2022,Quarter,3,OTB_CRU_50-115_0_0_all,NA,27.3.a.21,,COD,cod.27.21,DIS,R-Reported,Undetermined,Lngt,230,-9,1305,5,13,0,0,g,K,cm,NA,,1.1116,250.68,NA,-9,-9,-9
SD,Zimbabwe,2022,Quarter,3,OTB_CRU_50-115_0_0_all,NA,27.3.a.21,,COD,cod.27.21,DIS,R-Reported,Undetermined,Lngt,240,-9,1305,5,13,0,0,g,K,cm,NA,,1.31336,305,NA,-9,-9,-9
SD,Zimbabwe,2022,Quarter,3,OTB_CRU_50-115_0_0_all,NA,27.3.a.21,,COD,cod.27.21,DIS,R-Reported,Undetermined,Lngt,250,-9,1305,5,13,0,0,g,K,cm,NA,,1.1554,265,NA,-9,-9,-9
SD,Zimbabwe,2022,Quarter,3,OTB_CRU_50-115_0_0_all,NA,27.3.a.21,,COD,cod.27.21,LAN,R-Reported,Undetermined,Lngt,260,-9,6865,1,1,0,0,g,K,cm,NA,,0.03638,466.52,NA,-9,-9,-9
SD,Zimbabwe,2022,Quarter,3,OTB_CRU_50-115_0_0_all,NA,27.3.a.21,,COD,cod.27.21,LAN,R-Reported,Undetermined,Lngt,300,-9,6865,1,1,0,0,g,K,cm,NA,,0.36361,526.66,NA,-9,-9,-9
SD,Zimbabwe,2022,Quarter,3,OTB_CRU_50-115_0_0_all,NA,27.3.a.21,,COD,cod.27.21,LAN,R-Reported,Undetermined,Lngt,310,-9,6865,1,1,0,0,g,K,cm,NA,,0.15615,585.14,NA,-9,-9,-9
SD,Zimbabwe,2022,Quarter,3,OTB_CRU_50-115_0_0_all,NA,27.3.a.21,,COD,cod.27.21,LAN,R-Reported,Undetermined,Lngt,320,-9,6865,1,1,0,0,g,K,cm,NA,,0.84365,604.58,NA,-9,-9,-9
SD,Zimbabwe,2022,Quarter,3,OTB_CRU_50-115_0_0_all,NA,27.3.a.21,,COD,cod.27.21,LAN,R-Reported,Undetermined,Lngt,330,-9,6865,1,1,0,0,g,K,cm,NA,,0.65866,810.16,NA,-9,-9,-9
SD,Zimbabwe,2022,Quarter,3,OTB_CRU_50-115_0_0_all,NA,27.3.a.21,,COD,cod.27.21,LAN,R-Reported,Undetermined,Lngt,340,-9,6865,1,1,0,0,g,K,cm,NA,,0.51045,818.13,NA,-9,-9,-9
SD,Zimbabwe,2022,Quarter,3,OTB_CRU_50-115_0_0_all,NA,27.3.a.21,,COD,cod.27.21,LAN,R-Reported,Undetermined,Lngt,350,-9,6865,1,1,0,0,g,K,cm,NA,,0.53145,855.26,NA,-9,-9,-9
SD,Zimbabwe,2022,Quarter,3,OTB_CRU_50-115_0_0_all,NA,27.3.a.21,,COD,cod.27.21,LAN,R-Reported,Undetermined,Lngt,360,-9,6865,1,1,0,0,g,K,cm,NA,,0.86662,665.4,NA,-9,-9,-9
SD,Zimbabwe,2022,Quarter,3,OTB_CRU_50-115_0_0_all,NA,27.3.a.21,,COD,cod.27.21,LAN,R-Reported,Undetermined,Lngt,380,-9,6865,1,1,0,0,g,K,cm,NA,,0.83452,551.56,NA,-9,-9,-9
SD,Zimbabwe,2022,Quarter,3,OTB_CRU_50-115_0_0_all,NA,27.3.a.21,,COD,cod.27.21,LAN,R-Reported,Undetermined,Lngt,360,-9,6865,1,1,0,0,g,K,cm,NA,,0.52343,1083.26,NA,-9,-9,-9
SD,Zimbabwe,2022,Quarter,3,OTB_CRU_50-115_0_0_all,NA,27.3.a.21,,COD,cod.27.21,LAN,R-Reported,Undetermined,Lngt,350,-9,6865,1,1,0,0,g,K,cm,NA,,0.35004,1158.11,NA,-9,-9,-9
SD,Zimbabwe,2022,Quarter,3,OTB_CRU_50-115_0_0_all,NA,27.3.a.21,,COD,cod.27.21,LAN,R-Reported,Undetermined,Lngt,400,-9,6865,1,1,0,0,g,K,cm,NA,,0.1125,1218.26,NA,-9,-9,-9
SD,Zimbabwe,2022,Quarter,3,OTB_CRU_50-115_0_0_all,NA,27.3.a.21,,COD,cod.27.21,LAN,R-Reported,Undetermined,Lngt,410,-9,6865,1,1,0,0,g,K,cm,NA,,0.26826,1411.66,NA,-9,-9,-9
SD,Zimbabwe,2022,Quarter,3,OTB_CRU_50-115_0_0_all,NA,27.3.a.21,,COD,cod.27.21,LAN,R-Reported,Undetermined,Lngt,420,-9,6865,1,1,0,0,g,K,cm,NA,,0.3351,1466.6,NA,-9,-9,-9
SD,Zimbabwe,2022,Quarter,3,OTB_CRU_50-115_0_0_all,NA,27.3.a.21,,COD,cod.27.21,LAN,R-Reported,Undetermined,Lngt,430,-9,6865,1,1,0,0,g,K,cm,NA,,0.38656,1654.44,NA,-9,-9,-9
SD,Zimbabwe,2022,Quarter,3,OTB_CRU_50-115_0_0_all,NA,27.3.a.21,,COD,cod.27.21,LAN,R-Reported,Undetermined,Lngt,440,-9,6865,1,1,0,0,g,K,cm,NA,,0.13385,1858.83,NA,-9,-9,-9
SD,Zimbabwe,2022,Quarter,3,OTB_CRU_50-115_0_0_all,NA,27.3.a.21,,COD,cod.27.21,LAN,R-Reported,Undetermined,Lngt,450,-9,6865,1,1,0,0,g,K,cm,NA,,0.35026,1526.66,NA,-9,-9,-9
SD,Zimbabwe,2022,Quarter,3,OTB_CRU_50-115_0_0_all,NA,27.3.a.21,,COD,cod.27.21,LAN,R-Reported,Undetermined,Lngt,460,-9,6865,1,1,0,0,g,K,cm,NA,,0.13358,1582.06,NA,-9,-9,-9
SD,Zimbabwe,2022,Quarter,3,OTB_CRU_50-115_0_0_all,NA,27.3.a.21,,COD,cod.27.21,LAN,R-Reported,Undetermined,Lngt,480,-9,6865,1,1,0,0,g,K,cm,NA,,0.06282,2162.6,NA,-9,-9,-9
SD,Zimbabwe,2022,Quarter,3,OTB_CRU_50-115_0_0_all,NA,27.3.a.21,,COD,cod.27.21,LAN,R-Reported,Undetermined,Lngt,460,-9,6865,1,1,0,0,g,K,cm,NA,,0.05421,2386.2,NA,-9,-9,-9
SD,Zimbabwe,2022,Quarter,3,OTB_CRU_50-115_0_0_all,NA,27.3.a.21,,COD,cod.27.21,LAN,R-Reported,Undetermined,Lngt,450,-9,6865,1,1,0,0,g,K,cm,NA,,0.04684,2506.64,NA,-9,-9,-9
SD,Zimbabwe,2022,Quarter,3,OTB_CRU_50-115_0_0_all,NA,27.3.a.21,,COD,cod.27.21,LAN,R-Reported,Undetermined,Lngt,500,-9,6865,1,1,0,0,g,K,cm,NA,,0.0486,2510.84,NA,-9,-9,-9
SD,Zimbabwe,2022,Quarter,3,OTB_CRU_50-115_0_0_all,NA,27.3.a.21,,COD,cod.27.21,LAN,R-Reported,Undetermined,Lngt,510,-9,6865,1,1,0,0,g,K,cm,NA,,0.04865,2833.41,NA,-9,-9,-9
SD,Zimbabwe,2022,Quarter,3,OTB_CRU_50-115_0_0_all,NA,27.3.a.21,,COD,cod.27.21,LAN,R-Reported,Undetermined,Lngt,520,-9,6865,1,1,0,0,g,K,cm,NA,,0.00666,2660.16,NA,-9,-9,-9
SD,Zimbabwe,2022,Quarter,3,OTB_CRU_50-115_0_0_all,NA,27.3.a.21,,COD,cod.27.21,LAN,R-Reported,Undetermined,Lngt,550,-9,6865,1,1,0,0,g,K,cm,NA,,0.05266,3508.62,NA,-9,-9,-9
