RecordType,Country,Year,SeasonType,Season,Fleet,AreaType,FishingArea,DepthRange,Species,Stock_orig,CatchCategory,ReportingCategory,Sex,CANUMtype,AgeLength,PlusGroup,SampledCatch,NumSamplesLngt,NumLngtMeas,NumSamplesAge,NumAgeMeas,unitMeanWeight,unitCANUM,UnitAgeOrLength,UnitMeanLength,Maturity,NumberCaught,MeanWeight,MeanLength,varNumLanded,varWgtLande,varLgtLanded
SD,France,2024,Quarter,1,GTR_DEF_100-119_0_0_all,NA,27.8.b,,SOL,sol.27.8ab,LAN,R-Reported,Undetermined,Age,2,-9,-9,43,1165,-9,-9,g,K,year,cm,,15.06339,203.99,NA,-9,-9,-9
SD,France,2024,Quarter,1,GTR_DEF_100-119_0_0_all,NA,27.8.b,,SOL,sol.27.8ab,LAN,R-Reported,Undetermined,Age,3,-9,-9,43,1165,-9,-9,g,K,year,cm,,197.44583,260.86,NA,-9,-9,-9
SD,France,2024,Quarter,1,GTR_DEF_100-119_0_0_all,NA,27.8.b,,SOL,sol.27.8ab,LAN,R-Reported,Undetermined,Age,4,-9,-9,43,1165,-9,-9,g,K,year,cm,,179.98978,343.24,NA,-9,-9,-9
SD,France,2024,Quarter,1,GTR_DEF_100-119_0_0_all,NA,27.8.b,,SOL,sol.27.8ab,LAN,R-Reported,Undetermined,Age,5,-9,-9,43,1165,-9,-9,g,K,year,cm,,136.10315,335,NA,-9,-9,-9
SD,France,2024,Quarter,1,GTR_DEF_100-119_0_0_all,NA,27.8.b,,SOL,sol.27.8ab,LAN,R-Reported,Undetermined,Age,6,-9,-9,43,1165,-9,-9,g,K,year,cm,,120.07566,325.54,NA,-9,-9,-9
SD,France,2024,Quarter,1,GTR_DEF_100-119_0_0_all,NA,27.8.b,,SOL,sol.27.8ab,LAN,R-Reported,Undetermined,Age,7,-9,-9,43,1165,-9,-9,g,K,year,cm,,50.44597,342.33,NA,-9,-9,-9
SD,France,2024,Quarter,1,GTR_DEF_100-119_0_0_all,NA,27.8.b,,SOL,sol.27.8ab,LAN,R-Reported,Undetermined,Age,8,-9,-9,43,1165,-9,-9,g,K,year,cm,,25.21997,447.62,NA,-9,-9,-9
SD,France,2024,Quarter,1,GTR_DEF_100-119_0_0_all,NA,27.8.b,,SOL,sol.27.8ab,LAN,R-Reported,Undetermined,Age,9,-9,-9,43,1165,-9,-9,g,K,year,cm,,14.46953,413.68,NA,-9,-9,-9
SD,France,2024,Quarter,1,GTR_DEF_100-119_0_0_all,NA,27.8.b,,SOL,sol.27.8ab,LAN,R-Reported,Undetermined,Age,10,-9,-9,43,1165,-9,-9,g,K,year,cm,,3.5189,701.12,NA,-9,-9,-9
SD,France,2024,Quarter,1,GTR_DEF_100-119_0_0_all,NA,27.8.b,,SOL,sol.27.8ab,LAN,R-Reported,Undetermined,Age,11,-9,-9,43,1165,-9,-9,g,K,year,cm,,3.18649,599.94,NA,-9,-9,-9
SD,France,2024,Quarter,1,GTR_DEF_100-119_0_0_all,NA,27.8.b,,SOL,sol.27.8ab,LAN,R-Reported,Undetermined,Age,15,-9,-9,43,1165,-9,-9,g,K,year,cm,,0.21938,619,NA,-9,-9,-9
SD,France,2024,Quarter,1,GTR_DEF_100-119_0_0_all,NA,27.8.b,,SOL,sol.27.8ab,LAN,R-Reported,Undetermined,Age,16,-9,-9,43,1165,-9,-9,g,K,year,cm,,3.73378,963,NA,-9,-9,-9
SD,France,2024,Quarter,1,GTR_DEF_100-119_0_0_all,NA,27.8.b,,SOL,sol.27.8ab,LAN,R-Reported,Undetermined,Age,17,-9,-9,43,1165,-9,-9,g,K,year,cm,,1.81892,372,NA,-9,-9,-9
SD,France,2024,Quarter,1,GTR_DEF_100-119_0_0_all,NA,27.8.b,,SOL,sol.27.8ab,LAN,R-Reported,Undetermined,Age,21,-9,-9,43,1165,-9,-9,g,K,year,cm,,1.32779,797,NA,-9,-9,-9
SD,France,2024,Quarter,3,OTB_DEF_>=70_0_0,NA,27.8.b,,SOL,sol.27.8ab,LAN,R-Reported,Undetermined,Age,1,-9,-9,7,579,-9,-9,g,K,year,cm,,4.85306,181.65,NA,-9,-9,-9
SD,France,2024,Quarter,3,OTB_DEF_>=70_0_0,NA,27.8.b,,SOL,sol.27.8ab,LAN,R-Reported,Undetermined,Age,2,-9,-9,7,579,-9,-9,g,K,year,cm,,38.37832,230.52,NA,-9,-9,-9
SD,France,2024,Quarter,3,OTB_DEF_>=70_0_0,NA,27.8.b,,SOL,sol.27.8ab,LAN,R-Reported,Undetermined,Age,3,-9,-9,7,579,-9,-9,g,K,year,cm,,27.41259,300.58,NA,-9,-9,-9
SD,France,2024,Quarter,3,OTB_DEF_>=70_0_0,NA,27.8.b,,SOL,sol.27.8ab,LAN,R-Reported,Undetermined,Age,4,-9,-9,7,579,-9,-9,g,K,year,cm,,7.32144,352.53,NA,-9,-9,-9
SD,France,2024,Quarter,3,OTB_DEF_>=70_0_0,NA,27.8.b,,SOL,sol.27.8ab,LAN,R-Reported,Undetermined,Age,5,-9,-9,7,579,-9,-9,g,K,year,cm,,1.73451,399.48,NA,-9,-9,-9
SD,France,2024,Quarter,3,OTB_DEF_>=70_0_0,NA,27.8.b,,SOL,sol.27.8ab,LAN,R-Reported,Undetermined,Age,6,-9,-9,7,579,-9,-9,g,K,year,cm,,1.27205,376.16,NA,-9,-9,-9
SD,France,2024,Quarter,3,OTB_DEF_>=70_0_0,NA,27.8.b,,SOL,sol.27.8ab,LAN,R-Reported,Undetermined,Age,7,-9,-9,7,579,-9,-9,g,K,year,cm,,0.82528,406.98,NA,-9,-9,-9
SD,France,2024,Quarter,3,OTB_DEF_>=70_0_0,NA,27.8.b,,SOL,sol.27.8ab,LAN,R-Reported,Undetermined,Age,8,-9,-9,7,579,-9,-9,g,K,year,cm,,0.09885,577.99,NA,-9,-9,-9
SD,France,2024,Quarter,3,OTB_DEF_>=70_0_0,NA,27.8.b,,SOL,sol.27.8ab,LAN,R-Reported,Undetermined,Age,9,-9,-9,7,579,-9,-9,g,K,year,cm,,0.02991,560.24,NA,-9,-9,-9
SD,France,2024,Quarter,3,OTB_DEF_>=70_0_0,NA,27.8.b,,SOL,sol.27.8ab,LAN,R-Reported,Undetermined,Age,11,-9,-9,7,579,-9,-9,g,K,year,cm,,0.03903,558,NA,-9,-9,-9
SD,France,2024,Quarter,3,OTT_CRU_>=70_0_0,NA,27.8.a,,SOL,sol.27.8ab,LAN,R-Reported,Undetermined,Age,1,-9,-9,16,201,-9,-9,g,K,year,cm,,4.97707,162.11,NA,-9,-9,-9
SD,France,2024,Quarter,3,OTT_CRU_>=70_0_0,NA,27.8.a,,SOL,sol.27.8ab,LAN,R-Reported,Undetermined,Age,2,-9,-9,16,201,-9,-9,g,K,year,cm,,22.21902,239.96,NA,-9,-9,-9
SD,France,2024,Quarter,3,OTT_CRU_>=70_0_0,NA,27.8.a,,SOL,sol.27.8ab,LAN,R-Reported,Undetermined,Age,3,-9,-9,16,201,-9,-9,g,K,year,cm,,20.90891,369.46,NA,-9,-9,-9
SD,France,2024,Quarter,3,OTT_CRU_>=70_0_0,NA,27.8.a,,SOL,sol.27.8ab,LAN,R-Reported,Undetermined,Age,4,-9,-9,16,201,-9,-9,g,K,year,cm,,9.62959,458.57,NA,-9,-9,-9
SD,France,2024,Quarter,3,OTT_CRU_>=70_0_0,NA,27.8.a,,SOL,sol.27.8ab,LAN,R-Reported,Undetermined,Age,5,-9,-9,16,201,-9,-9,g,K,year,cm,,3.22612,523.56,NA,-9,-9,-9
SD,France,2024,Quarter,3,OTT_CRU_>=70_0_0,NA,27.8.a,,SOL,sol.27.8ab,LAN,R-Reported,Undetermined,Age,6,-9,-9,16,201,-9,-9,g,K,year,cm,,2.51922,539.12,NA,-9,-9,-9
SD,France,2024,Quarter,3,OTT_CRU_>=70_0_0,NA,27.8.a,,SOL,sol.27.8ab,LAN,R-Reported,Undetermined,Age,7,-9,-9,16,201,-9,-9,g,K,year,cm,,2.77949,692.44,NA,-9,-9,-9
SD,France,2024,Quarter,3,OTT_CRU_>=70_0_0,NA,27.8.a,,SOL,sol.27.8ab,LAN,R-Reported,Undetermined,Age,8,-9,-9,16,201,-9,-9,g,K,year,cm,,0.46155,658.53,NA,-9,-9,-9
SD,France,2024,Quarter,3,OTT_CRU_>=70_0_0,NA,27.8.a,,SOL,sol.27.8ab,LAN,R-Reported,Undetermined,Age,9,-9,-9,16,201,-9,-9,g,K,year,cm,,0.09296,565.98,NA,-9,-9,-9
SD,France,2024,Quarter,3,OTT_CRU_>=70_0_0,NA,27.8.a,,SOL,sol.27.8ab,LAN,R-Reported,Undetermined,Age,10,-9,-9,16,201,-9,-9,g,K,year,cm,,0.03539,659.2,NA,-9,-9,-9
SD,France,2024,Quarter,3,OTT_CRU_>=70_0_0,NA,27.8.a,,SOL,sol.27.8ab,LAN,R-Reported,Undetermined,Age,11,-9,-9,16,201,-9,-9,g,K,year,cm,,0.31102,811.11,NA,-9,-9,-9
SD,France,2024,Quarter,3,OTT_CRU_>=70_0_0,NA,27.8.a,,SOL,sol.27.8ab,LAN,R-Reported,Undetermined,Age,16,-9,-9,16,201,-9,-9,g,K,year,cm,,0.03539,763.08,NA,-9,-9,-9
SD,France,2024,Quarter,1,GTR_DEF_100-119_0_0_all,NA,27.8.a,,SOL,sol.27.8ab,DIS,R-Reported,Undetermined,Age,0,-9,-9,51,226,-9,-9,g,K,year,cm,,0.28174,17.34,NA,-9,-9,-9
SD,France,2024,Quarter,1,GTR_DEF_100-119_0_0_all,NA,27.8.a,,SOL,sol.27.8ab,DIS,R-Reported,Undetermined,Age,1,-9,-9,51,226,-9,-9,g,K,year,cm,,2.21842,63.52,NA,-9,-9,-9
SD,France,2024,Quarter,1,GTR_DEF_100-119_0_0_all,NA,27.8.a,,SOL,sol.27.8ab,DIS,R-Reported,Undetermined,Age,2,-9,-9,51,226,-9,-9,g,K,year,cm,,10.88038,136.58,NA,-9,-9,-9
SD,France,2024,Quarter,1,GTR_DEF_100-119_0_0_all,NA,27.8.a,,SOL,sol.27.8ab,DIS,R-Reported,Undetermined,Age,3,-9,-9,51,226,-9,-9,g,K,year,cm,,7.19972,155.44,NA,-9,-9,-9
SD,France,2024,Quarter,1,GTR_DEF_100-119_0_0_all,NA,27.8.a,,SOL,sol.27.8ab,DIS,R-Reported,Undetermined,Age,4,-9,-9,51,226,-9,-9,g,K,year,cm,,0.47433,220.1,NA,-9,-9,-9
SD,France,2024,Quarter,1,GTR_DEF_100-119_0_0_all,NA,27.8.a,,SOL,sol.27.8ab,DIS,R-Reported,Undetermined,Age,5,-9,-9,51,226,-9,-9,g,K,year,cm,,0.30277,242.96,NA,-9,-9,-9
SD,France,2024,Quarter,1,GTR_DEF_100-119_0_0_all,NA,27.8.a,,SOL,sol.27.8ab,DIS,R-Reported,Undetermined,Age,6,-9,-9,51,226,-9,-9,g,K,year,cm,,0.14579,216.51,NA,-9,-9,-9
SD,France,2024,Quarter,1,GTR_DEF_100-119_0_0_all,NA,27.8.a,,SOL,sol.27.8ab,DIS,R-Reported,Undetermined,Age,7,-9,-9,51,226,-9,-9,g,K,year,cm,,0.04462,292,NA,-9,-9,-9
SD,France,2024,Quarter,1,GTR_DEF_100-119_0_0_all,NA,27.8.a,,SOL,sol.27.8ab,DIS,R-Reported,Undetermined,Age,8,-9,-9,51,226,-9,-9,g,K,year,cm,,0.02415,230.3,NA,-9,-9,-9
SD,France,2024,Quarter,1,GTR_DEF_100-119_0_0_all,NA,27.8.a,,SOL,sol.27.8ab,DIS,R-Reported,Undetermined,Age,9,-9,-9,51,226,-9,-9,g,K,year,cm,,0.02231,249,NA,-9,-9,-9
SD,France,2024,Quarter,1,GTR_DEF_100-119_0_0_all,NA,27.8.a,,SOL,sol.27.8ab,DIS,R-Reported,Undetermined,Age,16,-9,-9,51,226,-9,-9,g,K,year,cm,,0.07053,770.24,NA,-9,-9,-9
SD,France,2024,Quarter,2,OTT_CRU_>=70_0_0,NA,27.8.a,,SOL,sol.27.8ab,LAN,R-Reported,Undetermined,Age,2,-9,-9,14,375,-9,-9,g,K,year,cm,,8.7384,328.12,NA,-9,-9,-9
SD,France,2024,Quarter,2,OTT_CRU_>=70_0_0,NA,27.8.a,,SOL,sol.27.8ab,LAN,R-Reported,Undetermined,Age,3,-9,-9,14,375,-9,-9,g,K,year,cm,,31.5868,243.93,NA,-9,-9,-9
SD,France,2024,Quarter,2,OTT_CRU_>=70_0_0,NA,27.8.a,,SOL,sol.27.8ab,LAN,R-Reported,Undetermined,Age,4,-9,-9,14,375,-9,-9,g,K,year,cm,,22.96631,260.32,NA,-9,-9,-9
SD,France,2024,Quarter,2,OTT_CRU_>=70_0_0,NA,27.8.a,,SOL,sol.27.8ab,LAN,R-Reported,Undetermined,Age,5,-9,-9,14,375,-9,-9,g,K,year,cm,,26.59917,261.03,NA,-9,-9,-9
SD,France,2024,Quarter,2,OTT_CRU_>=70_0_0,NA,27.8.a,,SOL,sol.27.8ab,LAN,R-Reported,Undetermined,Age,6,-9,-9,14,375,-9,-9,g,K,year,cm,,11.02263,334.37,NA,-9,-9,-9
SD,France,2024,Quarter,2,OTT_CRU_>=70_0_0,NA,27.8.a,,SOL,sol.27.8ab,LAN,R-Reported,Undetermined,Age,7,-9,-9,14,375,-9,-9,g,K,year,cm,,14.86346,321.59,NA,-9,-9,-9
SD,France,2024,Quarter,2,OTT_CRU_>=70_0_0,NA,27.8.a,,SOL,sol.27.8ab,LAN,R-Reported,Undetermined,Age,8,-9,-9,14,375,-9,-9,g,K,year,cm,,6.07413,375.24,NA,-9,-9,-9
SD,France,2024,Quarter,2,OTT_CRU_>=70_0_0,NA,27.8.a,,SOL,sol.27.8ab,LAN,R-Reported,Undetermined,Age,9,-9,-9,14,375,-9,-9,g,K,year,cm,,5.49247,425.33,NA,-9,-9,-9
SD,France,2024,Quarter,2,OTT_CRU_>=70_0_0,NA,27.8.a,,SOL,sol.27.8ab,LAN,R-Reported,Undetermined,Age,10,-9,-9,14,375,-9,-9,g,K,year,cm,,1.24062,333.08,NA,-9,-9,-9
SD,France,2024,Quarter,2,OTT_CRU_>=70_0_0,NA,27.8.a,,SOL,sol.27.8ab,LAN,R-Reported,Undetermined,Age,11,-9,-9,14,375,-9,-9,g,K,year,cm,,1.69781,173,NA,-9,-9,-9
SD,France,2024,Quarter,2,OTT_CRU_>=70_0_0,NA,27.8.a,,SOL,sol.27.8ab,LAN,R-Reported,Undetermined,Age,12,-9,-9,14,375,-9,-9,g,K,year,cm,,1.6558,338.17,NA,-9,-9,-9
SD,France,2024,Quarter,2,OTT_CRU_>=70_0_0,NA,27.8.a,,SOL,sol.27.8ab,LAN,R-Reported,Undetermined,Age,13,-9,-9,14,375,-9,-9,g,K,year,cm,,0.37956,358,NA,-9,-9,-9
SD,France,2024,Quarter,2,OTT_CRU_>=70_0_0,NA,27.8.a,,SOL,sol.27.8ab,LAN,R-Reported,Undetermined,Age,14,-9,-9,14,375,-9,-9,g,K,year,cm,,0.32653,619,NA,-9,-9,-9
SD,France,2024,Quarter,3,GTR_DEF_100-119_0_0_all,NA,27.8.a,,SOL,sol.27.8ab,LAN,R-Reported,Undetermined,Age,1,-9,-9,24,1219,-9,-9,g,K,year,cm,,17.53163,169.01,NA,-9,-9,-9
SD,France,2024,Quarter,3,GTR_DEF_100-119_0_0_all,NA,27.8.a,,SOL,sol.27.8ab,LAN,R-Reported,Undetermined,Age,2,-9,-9,24,1219,-9,-9,g,K,year,cm,,117.71678,240.17,NA,-9,-9,-9
SD,France,2024,Quarter,3,GTR_DEF_100-119_0_0_all,NA,27.8.a,,SOL,sol.27.8ab,LAN,R-Reported,Undetermined,Age,3,-9,-9,24,1219,-9,-9,g,K,year,cm,,105.41528,330.17,NA,-9,-9,-9
SD,France,2024,Quarter,3,GTR_DEF_100-119_0_0_all,NA,27.8.a,,SOL,sol.27.8ab,LAN,R-Reported,Undetermined,Age,4,-9,-9,24,1219,-9,-9,g,K,year,cm,,29.83784,390.61,NA,-9,-9,-9
SD,France,2024,Quarter,3,GTR_DEF_100-119_0_0_all,NA,27.8.a,,SOL,sol.27.8ab,LAN,R-Reported,Undetermined,Age,5,-9,-9,24,1219,-9,-9,g,K,year,cm,,7.90849,457.55,NA,-9,-9,-9
SD,France,2024,Quarter,3,GTR_DEF_100-119_0_0_all,NA,27.8.a,,SOL,sol.27.8ab,LAN,R-Reported,Undetermined,Age,6,-9,-9,24,1219,-9,-9,g,K,year,cm,,7.94526,545.55,NA,-9,-9,-9
SD,France,2024,Quarter,3,GTR_DEF_100-119_0_0_all,NA,27.8.a,,SOL,sol.27.8ab,LAN,R-Reported,Undetermined,Age,7,-9,-9,24,1219,-9,-9,g,K,year,cm,,7.9861,683.74,NA,-9,-9,-9
SD,France,2024,Quarter,3,GTR_DEF_100-119_0_0_all,NA,27.8.a,,SOL,sol.27.8ab,LAN,R-Reported,Undetermined,Age,8,-9,-9,24,1219,-9,-9,g,K,year,cm,,1.62188,671.12,NA,-9,-9,-9
SD,France,2024,Quarter,3,GTR_DEF_100-119_0_0_all,NA,27.8.a,,SOL,sol.27.8ab,LAN,R-Reported,Undetermined,Age,9,-9,-9,24,1219,-9,-9,g,K,year,cm,,0.42907,552.14,NA,-9,-9,-9
SD,France,2024,Quarter,3,GTR_DEF_100-119_0_0_all,NA,27.8.a,,SOL,sol.27.8ab,LAN,R-Reported,Undetermined,Age,10,-9,-9,24,1219,-9,-9,g,K,year,cm,,0.99825,884,NA,-9,-9,-9
SD,France,2024,Quarter,3,GTR_DEF_100-119_0_0_all,NA,27.8.a,,SOL,sol.27.8ab,LAN,R-Reported,Undetermined,Age,11,-9,-9,24,1219,-9,-9,g,K,year,cm,,1.03865,942.63,NA,-9,-9,-9
SD,France,2024,Quarter,3,GTR_DEF_100-119_0_0_all,NA,27.8.a,,SOL,sol.27.8ab,LAN,R-Reported,Undetermined,Age,16,-9,-9,24,1219,-9,-9,g,K,year,cm,,1.03789,827,NA,-9,-9,-9
SD,Belgium,2024,Quarter,2,TBB_DEF_70-99_0_0_all,NA,27.8.b,,SOL,sol.27.8ab,DIS,R-Reported,Undetermined,Age,1,-9,-9,2,754,2,104,g,K,year,cm,,2.509,102.32,NA,-9,-9,-9
SD,Belgium,2024,Quarter,2,TBB_DEF_70-99_0_0_all,NA,27.8.b,,SOL,sol.27.8ab,DIS,R-Reported,Undetermined,Age,2,-9,-9,2,754,2,104,g,K,year,cm,,47.402,105.82,NA,-9,-9,-9
SD,Belgium,2024,Quarter,2,TBB_DEF_70-99_0_0_all,NA,27.8.b,,SOL,sol.27.8ab,DIS,R-Reported,Undetermined,Age,3,-9,-9,2,754,2,104,g,K,year,cm,,19.126,107.89,NA,-9,-9,-9
SD,Belgium,2024,Quarter,2,TBB_DEF_70-99_0_0_all,NA,27.8.b,,SOL,sol.27.8ab,DIS,R-Reported,Undetermined,Age,4,-9,-9,2,754,2,104,g,K,year,cm,,3.611,110.14,NA,-9,-9,-9
SD,Belgium,2024,Quarter,2,TBB_DEF_70-99_0_0_all,NA,27.8.b,,SOL,sol.27.8ab,DIS,R-Reported,Undetermined,Age,5,-9,-9,2,754,2,104,g,K,year,cm,,1.514,109.12,NA,-9,-9,-9
SD,France,2024,Quarter,4,GTR_DEF_100-119_0_0_all,NA,27.8.b,,SOL,sol.27.8ab,LAN,R-Reported,Undetermined,Age,1,-9,-9,13,328,-9,-9,g,K,year,cm,,27.77281,127.08,NA,-9,-9,-9
SD,France,2024,Quarter,4,GTR_DEF_100-119_0_0_all,NA,27.8.b,,SOL,sol.27.8ab,LAN,R-Reported,Undetermined,Age,2,-9,-9,13,328,-9,-9,g,K,year,cm,,147.31637,227.09,NA,-9,-9,-9
SD,France,2024,Quarter,4,GTR_DEF_100-119_0_0_all,NA,27.8.b,,SOL,sol.27.8ab,LAN,R-Reported,Undetermined,Age,3,-9,-9,13,328,-9,-9,g,K,year,cm,,123.03783,297,NA,-9,-9,-9
SD,France,2024,Quarter,4,GTR_DEF_100-119_0_0_all,NA,27.8.b,,SOL,sol.27.8ab,LAN,R-Reported,Undetermined,Age,4,-9,-9,13,328,-9,-9,g,K,year,cm,,93.38636,344.16,NA,-9,-9,-9
SD,France,2024,Quarter,4,GTR_DEF_100-119_0_0_all,NA,27.8.b,,SOL,sol.27.8ab,LAN,R-Reported,Undetermined,Age,5,-9,-9,13,328,-9,-9,g,K,year,cm,,72.68902,334.68,NA,-9,-9,-9
SD,France,2024,Quarter,4,GTR_DEF_100-119_0_0_all,NA,27.8.b,,SOL,sol.27.8ab,LAN,R-Reported,Undetermined,Age,6,-9,-9,13,328,-9,-9,g,K,year,cm,,47.13183,346.4,NA,-9,-9,-9
SD,France,2024,Quarter,4,GTR_DEF_100-119_0_0_all,NA,27.8.b,,SOL,sol.27.8ab,LAN,R-Reported,Undetermined,Age,7,-9,-9,13,328,-9,-9,g,K,year,cm,,35.42844,315.6,NA,-9,-9,-9
SD,France,2024,Quarter,4,GTR_DEF_100-119_0_0_all,NA,27.8.b,,SOL,sol.27.8ab,LAN,R-Reported,Undetermined,Age,8,-9,-9,13,328,-9,-9,g,K,year,cm,,24.37166,406.87,NA,-9,-9,-9
SD,France,2024,Quarter,4,GTR_DEF_100-119_0_0_all,NA,27.8.b,,SOL,sol.27.8ab,LAN,R-Reported,Undetermined,Age,9,-9,-9,13,328,-9,-9,g,K,year,cm,,17.5222,332.51,NA,-9,-9,-9
SD,France,2024,Quarter,4,GTR_DEF_100-119_0_0_all,NA,27.8.b,,SOL,sol.27.8ab,LAN,R-Reported,Undetermined,Age,10,-9,-9,13,328,-9,-9,g,K,year,cm,,11.15061,441.17,NA,-9,-9,-9
SD,France,2024,Quarter,4,GTR_DEF_100-119_0_0_all,NA,27.8.b,,SOL,sol.27.8ab,LAN,R-Reported,Undetermined,Age,11,-9,-9,13,328,-9,-9,g,K,year,cm,,12.13668,437.14,NA,-9,-9,-9
SD,France,2024,Quarter,4,GTR_DEF_100-119_0_0_all,NA,27.8.b,,SOL,sol.27.8ab,LAN,R-Reported,Undetermined,Age,12,-9,-9,13,328,-9,-9,g,K,year,cm,,2.26915,617.23,NA,-9,-9,-9
SD,France,2024,Quarter,4,GTR_DEF_100-119_0_0_all,NA,27.8.b,,SOL,sol.27.8ab,LAN,R-Reported,Undetermined,Age,13,-9,-9,13,328,-9,-9,g,K,year,cm,,5.06481,639.78,NA,-9,-9,-9
SD,France,2024,Quarter,4,GTR_DEF_100-119_0_0_all,NA,27.8.b,,SOL,sol.27.8ab,LAN,R-Reported,Undetermined,Age,14,-9,-9,13,328,-9,-9,g,K,year,cm,,0.24851,769.6,NA,-9,-9,-9
SD,France,2024,Quarter,2,GNS_DEF_all_0_0_all,NA,27.8.a,,SOL,sol.27.8ab,LAN,R-Reported,Undetermined,Age,2,-9,-9,7,41,-9,-9,g,K,year,cm,,0.1322,342.83,NA,-9,-9,-9
SD,France,2024,Quarter,2,GNS_DEF_all_0_0_all,NA,27.8.a,,SOL,sol.27.8ab,LAN,R-Reported,Undetermined,Age,3,-9,-9,7,41,-9,-9,g,K,year,cm,,0.3009,406.26,NA,-9,-9,-9
SD,France,2024,Quarter,2,GNS_DEF_all_0_0_all,NA,27.8.a,,SOL,sol.27.8ab,LAN,R-Reported,Undetermined,Age,4,-9,-9,7,41,-9,-9,g,K,year,cm,,0.27673,393.47,NA,-9,-9,-9
SD,France,2024,Quarter,2,GNS_DEF_all_0_0_all,NA,27.8.a,,SOL,sol.27.8ab,LAN,R-Reported,Undetermined,Age,5,-9,-9,7,41,-9,-9,g,K,year,cm,,0.28397,380.19,NA,-9,-9,-9
SD,France,2024,Quarter,2,GNS_DEF_all_0_0_all,NA,27.8.a,,SOL,sol.27.8ab,LAN,R-Reported,Undetermined,Age,6,-9,-9,7,41,-9,-9,g,K,year,cm,,0.2426,521.03,NA,-9,-9,-9
SD,France,2024,Quarter,2,GNS_DEF_all_0_0_all,NA,27.8.a,,SOL,sol.27.8ab,LAN,R-Reported,Undetermined,Age,7,-9,-9,7,41,-9,-9,g,K,year,cm,,0.23434,458.35,NA,-9,-9,-9
SD,France,2024,Quarter,2,GNS_DEF_all_0_0_all,NA,27.8.a,,SOL,sol.27.8ab,LAN,R-Reported,Undetermined,Age,8,-9,-9,7,41,-9,-9,g,K,year,cm,,0.1977,546.48,NA,-9,-9,-9
SD,France,2024,Quarter,2,GNS_DEF_all_0_0_all,NA,27.8.a,,SOL,sol.27.8ab,LAN,R-Reported,Undetermined,Age,9,-9,-9,7,41,-9,-9,g,K,year,cm,,0.18731,598.15,NA,-9,-9,-9
SD,France,2024,Quarter,2,GNS_DEF_all_0_0_all,NA,27.8.a,,SOL,sol.27.8ab,LAN,R-Reported,Undetermined,Age,10,-9,-9,7,41,-9,-9,g,K,year,cm,,0.04518,499.89,NA,-9,-9,-9
SD,France,2024,Quarter,2,GNS_DEF_all_0_0_all,NA,27.8.a,,SOL,sol.27.8ab,LAN,R-Reported,Undetermined,Age,12,-9,-9,7,41,-9,-9,g,K,year,cm,,0.02378,431.87,NA,-9,-9,-9
SD,France,2024,Quarter,2,GNS_DEF_all_0_0_all,NA,27.8.a,,SOL,sol.27.8ab,LAN,R-Reported,Undetermined,Age,13,-9,-9,7,41,-9,-9,g,K,year,cm,,0.00374,358,NA,-9,-9,-9
SD,France,2024,Quarter,2,GNS_DEF_all_0_0_all,NA,27.8.a,,SOL,sol.27.8ab,LAN,R-Reported,Undetermined,Age,14,-9,-9,7,41,-9,-9,g,K,year,cm,,0.06692,619,NA,-9,-9,-9
SD,France,2024,Quarter,1,OTB_DEF_>=70_0_0,NA,27.8.b,,SOL,sol.27.8ab,LAN,R-Reported,Undetermined,Age,2,-9,-9,15,628,-9,-9,g,K,year,cm,,37.8916,168.42,NA,-9,-9,-9
SD,France,2024,Quarter,1,OTB_DEF_>=70_0_0,NA,27.8.b,,SOL,sol.27.8ab,LAN,R-Reported,Undetermined,Age,3,-9,-9,15,628,-9,-9,g,K,year,cm,,55.25909,220.86,NA,-9,-9,-9
SD,France,2024,Quarter,1,OTB_DEF_>=70_0_0,NA,27.8.b,,SOL,sol.27.8ab,LAN,R-Reported,Undetermined,Age,4,-9,-9,15,628,-9,-9,g,K,year,cm,,32.45335,303.19,NA,-9,-9,-9
SD,France,2024,Quarter,1,OTB_DEF_>=70_0_0,NA,27.8.b,,SOL,sol.27.8ab,LAN,R-Reported,Undetermined,Age,5,-9,-9,15,628,-9,-9,g,K,year,cm,,21.70246,299.79,NA,-9,-9,-9
SD,France,2024,Quarter,1,OTB_DEF_>=70_0_0,NA,27.8.b,,SOL,sol.27.8ab,LAN,R-Reported,Undetermined,Age,6,-9,-9,15,628,-9,-9,g,K,year,cm,,18.66188,315.04,NA,-9,-9,-9
SD,France,2024,Quarter,1,OTB_DEF_>=70_0_0,NA,27.8.b,,SOL,sol.27.8ab,LAN,R-Reported,Undetermined,Age,7,-9,-9,15,628,-9,-9,g,K,year,cm,,6.24278,336.8,NA,-9,-9,-9
SD,France,2024,Quarter,1,OTB_DEF_>=70_0_0,NA,27.8.b,,SOL,sol.27.8ab,LAN,R-Reported,Undetermined,Age,8,-9,-9,15,628,-9,-9,g,K,year,cm,,3.35007,353.11,NA,-9,-9,-9
SD,France,2024,Quarter,1,OTB_DEF_>=70_0_0,NA,27.8.b,,SOL,sol.27.8ab,LAN,R-Reported,Undetermined,Age,9,-9,-9,15,628,-9,-9,g,K,year,cm,,1.68269,438.28,NA,-9,-9,-9
SD,France,2024,Quarter,1,OTB_DEF_>=70_0_0,NA,27.8.b,,SOL,sol.27.8ab,LAN,R-Reported,Undetermined,Age,10,-9,-9,15,628,-9,-9,g,K,year,cm,,0.07001,527,NA,-9,-9,-9
SD,France,2024,Quarter,1,OTB_DEF_>=70_0_0,NA,27.8.b,,SOL,sol.27.8ab,LAN,R-Reported,Undetermined,Age,11,-9,-9,15,628,-9,-9,g,K,year,cm,,0.21116,522.11,NA,-9,-9,-9
SD,France,2024,Quarter,1,OTB_DEF_>=70_0_0,NA,27.8.b,,SOL,sol.27.8ab,LAN,R-Reported,Undetermined,Age,15,-9,-9,15,628,-9,-9,g,K,year,cm,,0.03296,619,NA,-9,-9,-9
SD,France,2024,Quarter,1,OTB_DEF_>=70_0_0,NA,27.8.b,,SOL,sol.27.8ab,LAN,R-Reported,Undetermined,Age,16,-9,-9,15,628,-9,-9,g,K,year,cm,,0.07501,770.24,NA,-9,-9,-9
SD,France,2024,Quarter,1,OTB_DEF_>=70_0_0,NA,27.8.b,,SOL,sol.27.8ab,LAN,R-Reported,Undetermined,Age,17,-9,-9,15,628,-9,-9,g,K,year,cm,,0.32146,372,NA,-9,-9,-9
SD,France,2024,Quarter,1,OTB_DEF_>=70_0_0,NA,27.8.b,,SOL,sol.27.8ab,LAN,R-Reported,Undetermined,Age,21,-9,-9,15,628,-9,-9,g,K,year,cm,,0.0125,793.84,NA,-9,-9,-9
SD,France,2024,Quarter,3,GTR_DEF_100-119_0_0_all,NA,27.8.b,,SOL,sol.27.8ab,LAN,R-Reported,Undetermined,Age,1,-9,-9,11,620,-9,-9,g,K,year,cm,,6.21313,188.23,NA,-9,-9,-9
SD,France,2024,Quarter,3,GTR_DEF_100-119_0_0_all,NA,27.8.b,,SOL,sol.27.8ab,LAN,R-Reported,Undetermined,Age,2,-9,-9,11,620,-9,-9,g,K,year,cm,,92.72115,268.96,NA,-9,-9,-9
SD,France,2024,Quarter,3,GTR_DEF_100-119_0_0_all,NA,27.8.b,,SOL,sol.27.8ab,LAN,R-Reported,Undetermined,Age,3,-9,-9,11,620,-9,-9,g,K,year,cm,,113.63755,329.46,NA,-9,-9,-9
SD,France,2024,Quarter,3,GTR_DEF_100-119_0_0_all,NA,27.8.b,,SOL,sol.27.8ab,LAN,R-Reported,Undetermined,Age,4,-9,-9,11,620,-9,-9,g,K,year,cm,,30.04565,389.79,NA,-9,-9,-9
SD,France,2024,Quarter,3,GTR_DEF_100-119_0_0_all,NA,27.8.b,,SOL,sol.27.8ab,LAN,R-Reported,Undetermined,Age,5,-9,-9,11,620,-9,-9,g,K,year,cm,,7.38909,414.11,NA,-9,-9,-9
SD,France,2024,Quarter,3,GTR_DEF_100-119_0_0_all,NA,27.8.b,,SOL,sol.27.8ab,LAN,R-Reported,Undetermined,Age,6,-9,-9,11,620,-9,-9,g,K,year,cm,,4.7606,481.85,NA,-9,-9,-9
SD,France,2024,Quarter,3,GTR_DEF_100-119_0_0_all,NA,27.8.b,,SOL,sol.27.8ab,LAN,R-Reported,Undetermined,Age,7,-9,-9,11,620,-9,-9,g,K,year,cm,,3.49764,490.5,NA,-9,-9,-9
SD,France,2024,Quarter,3,GTR_DEF_100-119_0_0_all,NA,27.8.b,,SOL,sol.27.8ab,LAN,R-Reported,Undetermined,Age,8,-9,-9,11,620,-9,-9,g,K,year,cm,,0.7045,581.49,NA,-9,-9,-9
SD,France,2024,Quarter,3,GTR_DEF_100-119_0_0_all,NA,27.8.b,,SOL,sol.27.8ab,LAN,R-Reported,Undetermined,Age,9,-9,-9,11,620,-9,-9,g,K,year,cm,,0.27125,556.87,NA,-9,-9,-9
SD,France,2024,Quarter,3,GTR_DEF_100-119_0_0_all,NA,27.8.b,,SOL,sol.27.8ab,LAN,R-Reported,Undetermined,Age,10,-9,-9,11,620,-9,-9,g,K,year,cm,,0.0511,884,NA,-9,-9,-9
SD,France,2024,Quarter,3,GTR_DEF_100-119_0_0_all,NA,27.8.b,,SOL,sol.27.8ab,LAN,R-Reported,Undetermined,Age,11,-9,-9,11,620,-9,-9,g,K,year,cm,,0.22531,558,NA,-9,-9,-9
SD,France,2024,Quarter,3,GTR_DEF_100-119_0_0_all,NA,27.8.b,,SOL,sol.27.8ab,LAN,R-Reported,Undetermined,Age,16,-9,-9,11,620,-9,-9,g,K,year,cm,,0.0511,827,NA,-9,-9,-9
SD,France,2024,Quarter,1,OTB_DEF_>=70_0_0,NA,27.8.a,,SOL,sol.27.8ab,LAN,R-Reported,Undetermined,Age,2,-9,-9,24,717,-9,-9,g,K,year,cm,,8.85107,177.73,NA,-9,-9,-9
SD,France,2024,Quarter,1,OTB_DEF_>=70_0_0,NA,27.8.a,,SOL,sol.27.8ab,LAN,R-Reported,Undetermined,Age,3,-9,-9,24,717,-9,-9,g,K,year,cm,,54.16801,240.43,NA,-9,-9,-9
SD,France,2024,Quarter,1,OTB_DEF_>=70_0_0,NA,27.8.a,,SOL,sol.27.8ab,LAN,R-Reported,Undetermined,Age,4,-9,-9,24,717,-9,-9,g,K,year,cm,,39.17609,361.29,NA,-9,-9,-9
SD,France,2024,Quarter,1,OTB_DEF_>=70_0_0,NA,27.8.a,,SOL,sol.27.8ab,LAN,R-Reported,Undetermined,Age,5,-9,-9,24,717,-9,-9,g,K,year,cm,,26.50102,366.85,NA,-9,-9,-9
SD,France,2024,Quarter,1,OTB_DEF_>=70_0_0,NA,27.8.a,,SOL,sol.27.8ab,LAN,R-Reported,Undetermined,Age,6,-9,-9,24,717,-9,-9,g,K,year,cm,,20.36628,338.58,NA,-9,-9,-9
SD,France,2024,Quarter,1,OTB_DEF_>=70_0_0,NA,27.8.a,,SOL,sol.27.8ab,LAN,R-Reported,Undetermined,Age,7,-9,-9,24,717,-9,-9,g,K,year,cm,,9.83973,440.91,NA,-9,-9,-9
SD,France,2024,Quarter,1,OTB_DEF_>=70_0_0,NA,27.8.a,,SOL,sol.27.8ab,LAN,R-Reported,Undetermined,Age,8,-9,-9,24,717,-9,-9,g,K,year,cm,,7.05646,520.71,NA,-9,-9,-9
SD,France,2024,Quarter,1,OTB_DEF_>=70_0_0,NA,27.8.a,,SOL,sol.27.8ab,LAN,R-Reported,Undetermined,Age,9,-9,-9,24,717,-9,-9,g,K,year,cm,,3.55926,537.37,NA,-9,-9,-9
SD,France,2024,Quarter,1,OTB_DEF_>=70_0_0,NA,27.8.a,,SOL,sol.27.8ab,LAN,R-Reported,Undetermined,Age,10,-9,-9,24,717,-9,-9,g,K,year,cm,,1.6742,724.08,NA,-9,-9,-9
SD,France,2024,Quarter,1,OTB_DEF_>=70_0_0,NA,27.8.a,,SOL,sol.27.8ab,LAN,R-Reported,Undetermined,Age,11,-9,-9,24,717,-9,-9,g,K,year,cm,,1.36992,658.37,NA,-9,-9,-9
SD,France,2024,Quarter,1,OTB_DEF_>=70_0_0,NA,27.8.a,,SOL,sol.27.8ab,LAN,R-Reported,Undetermined,Age,15,-9,-9,24,717,-9,-9,g,K,year,cm,,0.19172,619,NA,-9,-9,-9
SD,France,2024,Quarter,1,OTB_DEF_>=70_0_0,NA,27.8.a,,SOL,sol.27.8ab,LAN,R-Reported,Undetermined,Age,16,-9,-9,24,717,-9,-9,g,K,year,cm,,1.15121,963,NA,-9,-9,-9
SD,France,2024,Quarter,1,OTB_DEF_>=70_0_0,NA,27.8.a,,SOL,sol.27.8ab,LAN,R-Reported,Undetermined,Age,17,-9,-9,24,717,-9,-9,g,K,year,cm,,0.54935,372,NA,-9,-9,-9
SD,France,2024,Quarter,1,OTB_DEF_>=70_0_0,NA,27.8.a,,SOL,sol.27.8ab,LAN,R-Reported,Undetermined,Age,21,-9,-9,24,717,-9,-9,g,K,year,cm,,0.70058,797,NA,-9,-9,-9
SD,France,2024,Quarter,1,GTR_DEF_100-119_0_0_all,NA,27.8.a,,SOL,sol.27.8ab,LAN,R-Reported,Undetermined,Age,2,-9,-9,87,3422,-9,-9,g,K,year,cm,,36.77193,198.02,NA,-9,-9,-9
SD,France,2024,Quarter,1,GTR_DEF_100-119_0_0_all,NA,27.8.a,,SOL,sol.27.8ab,LAN,R-Reported,Undetermined,Age,3,-9,-9,87,3422,-9,-9,g,K,year,cm,,426.1707,263.85,NA,-9,-9,-9
SD,France,2024,Quarter,1,GTR_DEF_100-119_0_0_all,NA,27.8.a,,SOL,sol.27.8ab,LAN,R-Reported,Undetermined,Age,4,-9,-9,87,3422,-9,-9,g,K,year,cm,,395.87619,373.01,NA,-9,-9,-9
SD,France,2024,Quarter,1,GTR_DEF_100-119_0_0_all,NA,27.8.a,,SOL,sol.27.8ab,LAN,R-Reported,Undetermined,Age,5,-9,-9,87,3422,-9,-9,g,K,year,cm,,271.22121,360.75,NA,-9,-9,-9
SD,France,2024,Quarter,1,GTR_DEF_100-119_0_0_all,NA,27.8.a,,SOL,sol.27.8ab,LAN,R-Reported,Undetermined,Age,6,-9,-9,87,3422,-9,-9,g,K,year,cm,,237.69819,343.64,NA,-9,-9,-9
SD,France,2024,Quarter,1,GTR_DEF_100-119_0_0_all,NA,27.8.a,,SOL,sol.27.8ab,LAN,R-Reported,Undetermined,Age,7,-9,-9,87,3422,-9,-9,g,K,year,cm,,112.16545,398.39,NA,-9,-9,-9
SD,France,2024,Quarter,1,GTR_DEF_100-119_0_0_all,NA,27.8.a,,SOL,sol.27.8ab,LAN,R-Reported,Undetermined,Age,8,-9,-9,87,3422,-9,-9,g,K,year,cm,,73.57548,493.57,NA,-9,-9,-9
SD,France,2024,Quarter,1,GTR_DEF_100-119_0_0_all,NA,27.8.a,,SOL,sol.27.8ab,LAN,R-Reported,Undetermined,Age,9,-9,-9,87,3422,-9,-9,g,K,year,cm,,36.34337,484.33,NA,-9,-9,-9
SD,France,2024,Quarter,1,GTR_DEF_100-119_0_0_all,NA,27.8.a,,SOL,sol.27.8ab,LAN,R-Reported,Undetermined,Age,10,-9,-9,87,3422,-9,-9,g,K,year,cm,,16.0726,718.12,NA,-9,-9,-9
SD,France,2024,Quarter,1,GTR_DEF_100-119_0_0_all,NA,27.8.a,,SOL,sol.27.8ab,LAN,R-Reported,Undetermined,Age,11,-9,-9,87,3422,-9,-9,g,K,year,cm,,11.83387,623.43,NA,-9,-9,-9
SD,France,2024,Quarter,1,GTR_DEF_100-119_0_0_all,NA,27.8.a,,SOL,sol.27.8ab,LAN,R-Reported,Undetermined,Age,15,-9,-9,87,3422,-9,-9,g,K,year,cm,,2.39226,619,NA,-9,-9,-9
SD,France,2024,Quarter,1,GTR_DEF_100-119_0_0_all,NA,27.8.a,,SOL,sol.27.8ab,LAN,R-Reported,Undetermined,Age,16,-9,-9,87,3422,-9,-9,g,K,year,cm,,12.55177,963,NA,-9,-9,-9
SD,France,2024,Quarter,1,GTR_DEF_100-119_0_0_all,NA,27.8.a,,SOL,sol.27.8ab,LAN,R-Reported,Undetermined,Age,17,-9,-9,87,3422,-9,-9,g,K,year,cm,,5.75516,372,NA,-9,-9,-9
SD,France,2024,Quarter,1,GTR_DEF_100-119_0_0_all,NA,27.8.a,,SOL,sol.27.8ab,LAN,R-Reported,Undetermined,Age,21,-9,-9,87,3422,-9,-9,g,K,year,cm,,3.90226,797,NA,-9,-9,-9
SD,France,2024,Quarter,2,OTB_DEF_>=70_0_0,NA,27.8.b,,SOL,sol.27.8ab,LAN,R-Reported,Undetermined,Age,2,-9,-9,7,543,-9,-9,g,K,year,cm,,4.05038,310.48,NA,-9,-9,-9
SD,France,2024,Quarter,2,OTB_DEF_>=70_0_0,NA,27.8.b,,SOL,sol.27.8ab,LAN,R-Reported,Undetermined,Age,3,-9,-9,7,543,-9,-9,g,K,year,cm,,25.61984,202.5,NA,-9,-9,-9
SD,France,2024,Quarter,2,OTB_DEF_>=70_0_0,NA,27.8.b,,SOL,sol.27.8ab,LAN,R-Reported,Undetermined,Age,4,-9,-9,7,543,-9,-9,g,K,year,cm,,15.02703,230.76,NA,-9,-9,-9
SD,France,2024,Quarter,2,OTB_DEF_>=70_0_0,NA,27.8.b,,SOL,sol.27.8ab,LAN,R-Reported,Undetermined,Age,5,-9,-9,7,543,-9,-9,g,K,year,cm,,17.13843,228.81,NA,-9,-9,-9
SD,France,2024,Quarter,2,OTB_DEF_>=70_0_0,NA,27.8.b,,SOL,sol.27.8ab,LAN,R-Reported,Undetermined,Age,6,-9,-9,7,543,-9,-9,g,K,year,cm,,4.91173,260.27,NA,-9,-9,-9
SD,France,2024,Quarter,2,OTB_DEF_>=70_0_0,NA,27.8.b,,SOL,sol.27.8ab,LAN,R-Reported,Undetermined,Age,7,-9,-9,7,543,-9,-9,g,K,year,cm,,9.10161,235.4,NA,-9,-9,-9
SD,France,2024,Quarter,2,OTB_DEF_>=70_0_0,NA,27.8.b,,SOL,sol.27.8ab,LAN,R-Reported,Undetermined,Age,8,-9,-9,7,543,-9,-9,g,K,year,cm,,3.13415,260.21,NA,-9,-9,-9
SD,France,2024,Quarter,2,OTB_DEF_>=70_0_0,NA,27.8.b,,SOL,sol.27.8ab,LAN,R-Reported,Undetermined,Age,9,-9,-9,7,543,-9,-9,g,K,year,cm,,2.51255,255.35,NA,-9,-9,-9
SD,France,2024,Quarter,2,OTB_DEF_>=70_0_0,NA,27.8.b,,SOL,sol.27.8ab,LAN,R-Reported,Undetermined,Age,10,-9,-9,7,543,-9,-9,g,K,year,cm,,0.42128,303.7,NA,-9,-9,-9
SD,France,2024,Quarter,2,OTB_DEF_>=70_0_0,NA,27.8.b,,SOL,sol.27.8ab,LAN,R-Reported,Undetermined,Age,11,-9,-9,7,543,-9,-9,g,K,year,cm,,1.58387,173,NA,-9,-9,-9
SD,France,2024,Quarter,2,OTB_DEF_>=70_0_0,NA,27.8.b,,SOL,sol.27.8ab,LAN,R-Reported,Undetermined,Age,12,-9,-9,7,543,-9,-9,g,K,year,cm,,0.67008,287.73,NA,-9,-9,-9
SD,France,2024,Quarter,2,OTB_DEF_>=70_0_0,NA,27.8.b,,SOL,sol.27.8ab,LAN,R-Reported,Undetermined,Age,13,-9,-9,7,543,-9,-9,g,K,year,cm,,0.01444,358,NA,-9,-9,-9
SD,France,2024,Quarter,2,OTB_DEF_>=70_0_0,NA,27.8.b,,SOL,sol.27.8ab,LAN,R-Reported,Undetermined,Age,14,-9,-9,7,543,-9,-9,g,K,year,cm,,0.01173,619,NA,-9,-9,-9
SD,France,2024,Quarter,2,GTR_DEF_100-119_0_0_all,NA,27.8.b,,SOL,sol.27.8ab,LAN,R-Reported,Undetermined,Age,2,-9,-9,30,730,-9,-9,g,K,year,cm,,22.1964,326.88,NA,-9,-9,-9
SD,France,2024,Quarter,2,GTR_DEF_100-119_0_0_all,NA,27.8.b,,SOL,sol.27.8ab,LAN,R-Reported,Undetermined,Age,3,-9,-9,30,730,-9,-9,g,K,year,cm,,65.69372,274.52,NA,-9,-9,-9
SD,France,2024,Quarter,2,GTR_DEF_100-119_0_0_all,NA,27.8.b,,SOL,sol.27.8ab,LAN,R-Reported,Undetermined,Age,4,-9,-9,30,730,-9,-9,g,K,year,cm,,48.70395,285.43,NA,-9,-9,-9
SD,France,2024,Quarter,2,GTR_DEF_100-119_0_0_all,NA,27.8.b,,SOL,sol.27.8ab,LAN,R-Reported,Undetermined,Age,5,-9,-9,30,730,-9,-9,g,K,year,cm,,56.42549,284.47,NA,-9,-9,-9
SD,France,2024,Quarter,2,GTR_DEF_100-119_0_0_all,NA,27.8.b,,SOL,sol.27.8ab,LAN,R-Reported,Undetermined,Age,6,-9,-9,30,730,-9,-9,g,K,year,cm,,28.97425,375.73,NA,-9,-9,-9
SD,France,2024,Quarter,2,GTR_DEF_100-119_0_0_all,NA,27.8.b,,SOL,sol.27.8ab,LAN,R-Reported,Undetermined,Age,7,-9,-9,30,730,-9,-9,g,K,year,cm,,35.60797,336.94,NA,-9,-9,-9
SD,France,2024,Quarter,2,GTR_DEF_100-119_0_0_all,NA,27.8.b,,SOL,sol.27.8ab,LAN,R-Reported,Undetermined,Age,8,-9,-9,30,730,-9,-9,g,K,year,cm,,14.35683,397.23,NA,-9,-9,-9
SD,France,2024,Quarter,2,GTR_DEF_100-119_0_0_all,NA,27.8.b,,SOL,sol.27.8ab,LAN,R-Reported,Undetermined,Age,9,-9,-9,30,730,-9,-9,g,K,year,cm,,12.03262,475.28,NA,-9,-9,-9
SD,France,2024,Quarter,2,GTR_DEF_100-119_0_0_all,NA,27.8.b,,SOL,sol.27.8ab,LAN,R-Reported,Undetermined,Age,10,-9,-9,30,730,-9,-9,g,K,year,cm,,2.3038,398.88,NA,-9,-9,-9
SD,France,2024,Quarter,2,GTR_DEF_100-119_0_0_all,NA,27.8.b,,SOL,sol.27.8ab,LAN,R-Reported,Undetermined,Age,11,-9,-9,30,730,-9,-9,g,K,year,cm,,0.92927,173,NA,-9,-9,-9
SD,France,2024,Quarter,2,GTR_DEF_100-119_0_0_all,NA,27.8.b,,SOL,sol.27.8ab,LAN,R-Reported,Undetermined,Age,12,-9,-9,30,730,-9,-9,g,K,year,cm,,4.53062,349.07,NA,-9,-9,-9
SD,France,2024,Quarter,2,GTR_DEF_100-119_0_0_all,NA,27.8.b,,SOL,sol.27.8ab,LAN,R-Reported,Undetermined,Age,13,-9,-9,30,730,-9,-9,g,K,year,cm,,1.29664,358,NA,-9,-9,-9
SD,France,2024,Quarter,2,GTR_DEF_100-119_0_0_all,NA,27.8.b,,SOL,sol.27.8ab,LAN,R-Reported,Undetermined,Age,14,-9,-9,30,730,-9,-9,g,K,year,cm,,1.4258,619,NA,-9,-9,-9
SD,France,2024,Quarter,3,GTR_DEF_40-59_0_0,NA,27.8.a,,SOL,sol.27.8ab,LAN,R-Reported,Undetermined,Age,1,-9,-9,4,195,-9,-9,g,K,year,cm,,0.42284,189.85,NA,-9,-9,-9
SD,France,2024,Quarter,3,GTR_DEF_40-59_0_0,NA,27.8.a,,SOL,sol.27.8ab,LAN,R-Reported,Undetermined,Age,2,-9,-9,4,195,-9,-9,g,K,year,cm,,6.69808,272.96,NA,-9,-9,-9
SD,France,2024,Quarter,3,GTR_DEF_40-59_0_0,NA,27.8.a,,SOL,sol.27.8ab,LAN,R-Reported,Undetermined,Age,3,-9,-9,4,195,-9,-9,g,K,year,cm,,8.94246,364.39,NA,-9,-9,-9
SD,France,2024,Quarter,3,GTR_DEF_40-59_0_0,NA,27.8.a,,SOL,sol.27.8ab,LAN,R-Reported,Undetermined,Age,4,-9,-9,4,195,-9,-9,g,K,year,cm,,2.94265,410.42,NA,-9,-9,-9
SD,France,2024,Quarter,3,GTR_DEF_40-59_0_0,NA,27.8.a,,SOL,sol.27.8ab,LAN,R-Reported,Undetermined,Age,5,-9,-9,4,195,-9,-9,g,K,year,cm,,0.79138,460.67,NA,-9,-9,-9
SD,France,2024,Quarter,3,GTR_DEF_40-59_0_0,NA,27.8.a,,SOL,sol.27.8ab,LAN,R-Reported,Undetermined,Age,6,-9,-9,4,195,-9,-9,g,K,year,cm,,0.88693,601.13,NA,-9,-9,-9
SD,France,2024,Quarter,3,GTR_DEF_40-59_0_0,NA,27.8.a,,SOL,sol.27.8ab,LAN,R-Reported,Undetermined,Age,7,-9,-9,4,195,-9,-9,g,K,year,cm,,0.6588,661.3,NA,-9,-9,-9
SD,France,2024,Quarter,3,GTR_DEF_40-59_0_0,NA,27.8.a,,SOL,sol.27.8ab,LAN,R-Reported,Undetermined,Age,8,-9,-9,4,195,-9,-9,g,K,year,cm,,0.15628,581.93,NA,-9,-9,-9
SD,France,2024,Quarter,3,GTR_DEF_40-59_0_0,NA,27.8.a,,SOL,sol.27.8ab,LAN,R-Reported,Undetermined,Age,9,-9,-9,4,195,-9,-9,g,K,year,cm,,0.05615,548.57,NA,-9,-9,-9
SD,France,2024,Quarter,3,GTR_DEF_40-59_0_0,NA,27.8.a,,SOL,sol.27.8ab,LAN,R-Reported,Undetermined,Age,10,-9,-9,4,195,-9,-9,g,K,year,cm,,0.2277,884,NA,-9,-9,-9
SD,France,2024,Quarter,3,GTR_DEF_40-59_0_0,NA,27.8.a,,SOL,sol.27.8ab,LAN,R-Reported,Undetermined,Age,11,-9,-9,4,195,-9,-9,g,K,year,cm,,0.07104,558,NA,-9,-9,-9
SD,France,2024,Quarter,3,GTR_DEF_40-59_0_0,NA,27.8.a,,SOL,sol.27.8ab,LAN,R-Reported,Undetermined,Age,16,-9,-9,4,195,-9,-9,g,K,year,cm,,0.2277,827,NA,-9,-9,-9
SD,Belgium,2024,Quarter,2,TBB_DEF_70-99_0_0_all,NA,27.8.b,,SOL,sol.27.8ab,LAN,R-Reported,Undetermined,Age,1,-9,-9,2,4627,2,108,g,K,year,cm,,28.904,156.25,NA,-9,-9,-9
SD,Belgium,2024,Quarter,2,TBB_DEF_70-99_0_0_all,NA,27.8.b,,SOL,sol.27.8ab,LAN,R-Reported,Undetermined,Age,2,-9,-9,2,4627,2,108,g,K,year,cm,,292.067,156.29,NA,-9,-9,-9
SD,Belgium,2024,Quarter,2,TBB_DEF_70-99_0_0_all,NA,27.8.b,,SOL,sol.27.8ab,LAN,R-Reported,Undetermined,Age,3,-9,-9,2,4627,2,108,g,K,year,cm,,221.848,207.24,NA,-9,-9,-9
SD,Belgium,2024,Quarter,2,TBB_DEF_70-99_0_0_all,NA,27.8.b,,SOL,sol.27.8ab,LAN,R-Reported,Undetermined,Age,4,-9,-9,2,4627,2,108,g,K,year,cm,,126.594,234.47,NA,-9,-9,-9
SD,Belgium,2024,Quarter,2,TBB_DEF_70-99_0_0_all,NA,27.8.b,,SOL,sol.27.8ab,LAN,R-Reported,Undetermined,Age,5,-9,-9,2,4627,2,108,g,K,year,cm,,71.275,262.39,NA,-9,-9,-9
SD,Belgium,2024,Quarter,2,TBB_DEF_70-99_0_0_all,NA,27.8.b,,SOL,sol.27.8ab,LAN,R-Reported,Undetermined,Age,6,-9,-9,2,4627,2,108,g,K,year,cm,,78.76,249.39,NA,-9,-9,-9
SD,Belgium,2024,Quarter,2,TBB_DEF_70-99_0_0_all,NA,27.8.b,,SOL,sol.27.8ab,LAN,R-Reported,Undetermined,Age,7,-9,-9,2,4627,2,108,g,K,year,cm,,15.496,343.79,NA,-9,-9,-9
SD,Belgium,2024,Quarter,2,TBB_DEF_70-99_0_0_all,NA,27.8.b,,SOL,sol.27.8ab,LAN,R-Reported,Undetermined,Age,8,-9,-9,2,4627,2,108,g,K,year,cm,,10.668,279.83,NA,-9,-9,-9
SD,Belgium,2024,Quarter,2,TBB_DEF_70-99_0_0_all,NA,27.8.b,,SOL,sol.27.8ab,LAN,R-Reported,Undetermined,Age,9,-9,-9,2,4627,2,108,g,K,year,cm,,25.98,250.01,NA,-9,-9,-9
SD,Belgium,2024,Quarter,2,TBB_DEF_70-99_0_0_all,NA,27.8.b,,SOL,sol.27.8ab,LAN,R-Reported,Undetermined,Age,10,-9,-9,2,4627,2,108,g,K,year,cm,,6.033,314.04,NA,-9,-9,-9
SD,Belgium,2024,Quarter,2,TBB_DEF_70-99_0_0_all,NA,27.8.b,,SOL,sol.27.8ab,LAN,R-Reported,Undetermined,Age,11,-9,-9,2,4627,2,108,g,K,year,cm,,0.597,440.66,NA,-9,-9,-9
SD,Belgium,2024,Quarter,2,TBB_DEF_70-99_0_0_all,NA,27.8.b,,SOL,sol.27.8ab,LAN,R-Reported,Undetermined,Age,12,-9,-9,2,4627,2,108,g,K,year,cm,,22.446,276.74,NA,-9,-9,-9
SD,Belgium,2024,Quarter,2,TBB_DEF_70-99_0_0_all,NA,27.8.b,,SOL,sol.27.8ab,LAN,R-Reported,Undetermined,Age,13,-9,-9,2,4627,2,108,g,K,year,cm,,2.858,462.59,NA,-9,-9,-9
SD,Belgium,2024,Quarter,2,TBB_DEF_70-99_0_0_all,NA,27.8.b,,SOL,sol.27.8ab,LAN,R-Reported,Undetermined,Age,14,-9,-9,2,4627,2,108,g,K,year,cm,,5.19,351.83,NA,-9,-9,-9
SD,Belgium,2024,Quarter,2,TBB_DEF_70-99_0_0_all,NA,27.8.b,,SOL,sol.27.8ab,LAN,R-Reported,Undetermined,Age,15,-9,-9,2,4627,2,108,g,K,year,cm,,0.959,398.7,NA,-9,-9,-9
SD,Belgium,2024,Quarter,2,TBB_DEF_70-99_0_0_all,NA,27.8.b,,SOL,sol.27.8ab,LAN,R-Reported,Undetermined,Age,16,-9,-9,2,4627,2,108,g,K,year,cm,,2.534,376.04,NA,-9,-9,-9
SD,Belgium,2024,Quarter,2,TBB_DEF_70-99_0_0_all,NA,27.8.b,,SOL,sol.27.8ab,LAN,R-Reported,Undetermined,Age,17,-9,-9,2,4627,2,108,g,K,year,cm,,2.506,435.91,NA,-9,-9,-9
SD,Belgium,2024,Quarter,2,TBB_DEF_70-99_0_0_all,NA,27.8.b,,SOL,sol.27.8ab,LAN,R-Reported,Undetermined,Age,18,-9,-9,2,4627,2,108,g,K,year,cm,,1.432,365.98,NA,-9,-9,-9
SD,Belgium,2024,Quarter,2,TBB_DEF_70-99_0_0_all,NA,27.8.b,,SOL,sol.27.8ab,LAN,R-Reported,Undetermined,Age,20,-9,-9,2,4627,2,108,g,K,year,cm,,3.717,301.13,NA,-9,-9,-9
SD,France,2024,Quarter,4,OTB_DEF_32-69_0_0,NA,27.8.a,,SOL,sol.27.8ab,LAN,R-Reported,Undetermined,Age,1,-9,-9,5,55,-9,-9,g,K,year,cm,,0.451,147.22,NA,-9,-9,-9
SD,France,2024,Quarter,4,OTB_DEF_32-69_0_0,NA,27.8.a,,SOL,sol.27.8ab,LAN,R-Reported,Undetermined,Age,2,-9,-9,5,55,-9,-9,g,K,year,cm,,2.78993,220.69,NA,-9,-9,-9
SD,France,2024,Quarter,4,OTB_DEF_32-69_0_0,NA,27.8.a,,SOL,sol.27.8ab,LAN,R-Reported,Undetermined,Age,3,-9,-9,5,55,-9,-9,g,K,year,cm,,2.05068,275.54,NA,-9,-9,-9
SD,France,2024,Quarter,4,OTB_DEF_32-69_0_0,NA,27.8.a,,SOL,sol.27.8ab,LAN,R-Reported,Undetermined,Age,4,-9,-9,5,55,-9,-9,g,K,year,cm,,1.54229,334.19,NA,-9,-9,-9
SD,France,2024,Quarter,4,OTB_DEF_32-69_0_0,NA,27.8.a,,SOL,sol.27.8ab,LAN,R-Reported,Undetermined,Age,5,-9,-9,5,55,-9,-9,g,K,year,cm,,0.87898,276.66,NA,-9,-9,-9
SD,France,2024,Quarter,4,OTB_DEF_32-69_0_0,NA,27.8.a,,SOL,sol.27.8ab,LAN,R-Reported,Undetermined,Age,6,-9,-9,5,55,-9,-9,g,K,year,cm,,0.58984,290.45,NA,-9,-9,-9
SD,France,2024,Quarter,4,OTB_DEF_32-69_0_0,NA,27.8.a,,SOL,sol.27.8ab,LAN,R-Reported,Undetermined,Age,7,-9,-9,5,55,-9,-9,g,K,year,cm,,0.51386,269.59,NA,-9,-9,-9
SD,France,2024,Quarter,4,OTB_DEF_32-69_0_0,NA,27.8.a,,SOL,sol.27.8ab,LAN,R-Reported,Undetermined,Age,8,-9,-9,5,55,-9,-9,g,K,year,cm,,0.23033,287.75,NA,-9,-9,-9
SD,France,2024,Quarter,4,OTB_DEF_32-69_0_0,NA,27.8.a,,SOL,sol.27.8ab,LAN,R-Reported,Undetermined,Age,9,-9,-9,5,55,-9,-9,g,K,year,cm,,0.2482,286.89,NA,-9,-9,-9
SD,France,2024,Quarter,4,OTB_DEF_32-69_0_0,NA,27.8.a,,SOL,sol.27.8ab,LAN,R-Reported,Undetermined,Age,10,-9,-9,5,55,-9,-9,g,K,year,cm,,0.07414,445.17,NA,-9,-9,-9
SD,France,2024,Quarter,4,OTB_DEF_32-69_0_0,NA,27.8.a,,SOL,sol.27.8ab,LAN,R-Reported,Undetermined,Age,11,-9,-9,5,55,-9,-9,g,K,year,cm,,0.08721,396.53,NA,-9,-9,-9
SD,France,2024,Quarter,3,OTT_DEF_>=70_0_0,NA,27.8.a,,SOL,sol.27.8ab,LAN,R-Reported,Undetermined,Age,1,-9,-9,5,344,-9,-9,g,K,year,cm,,1.85272,147.1,NA,-9,-9,-9
SD,France,2024,Quarter,3,OTT_DEF_>=70_0_0,NA,27.8.a,,SOL,sol.27.8ab,LAN,R-Reported,Undetermined,Age,2,-9,-9,5,344,-9,-9,g,K,year,cm,,7.30067,245.8,NA,-9,-9,-9
SD,France,2024,Quarter,3,OTT_DEF_>=70_0_0,NA,27.8.a,,SOL,sol.27.8ab,LAN,R-Reported,Undetermined,Age,3,-9,-9,5,344,-9,-9,g,K,year,cm,,9.24633,419.51,NA,-9,-9,-9
SD,France,2024,Quarter,3,OTT_DEF_>=70_0_0,NA,27.8.a,,SOL,sol.27.8ab,LAN,R-Reported,Undetermined,Age,4,-9,-9,5,344,-9,-9,g,K,year,cm,,3.79217,457.38,NA,-9,-9,-9
SD,France,2024,Quarter,3,OTT_DEF_>=70_0_0,NA,27.8.a,,SOL,sol.27.8ab,LAN,R-Reported,Undetermined,Age,5,-9,-9,5,344,-9,-9,g,K,year,cm,,1.3102,541.42,NA,-9,-9,-9
SD,France,2024,Quarter,3,OTT_DEF_>=70_0_0,NA,27.8.a,,SOL,sol.27.8ab,LAN,R-Reported,Undetermined,Age,6,-9,-9,5,344,-9,-9,g,K,year,cm,,2.01165,646.28,NA,-9,-9,-9
SD,France,2024,Quarter,3,OTT_DEF_>=70_0_0,NA,27.8.a,,SOL,sol.27.8ab,LAN,R-Reported,Undetermined,Age,7,-9,-9,5,344,-9,-9,g,K,year,cm,,2.80006,897.22,NA,-9,-9,-9
SD,France,2024,Quarter,3,OTT_DEF_>=70_0_0,NA,27.8.a,,SOL,sol.27.8ab,LAN,R-Reported,Undetermined,Age,8,-9,-9,5,344,-9,-9,g,K,year,cm,,0.76827,739.19,NA,-9,-9,-9
SD,France,2024,Quarter,3,OTT_DEF_>=70_0_0,NA,27.8.a,,SOL,sol.27.8ab,LAN,R-Reported,Undetermined,Age,9,-9,-9,5,344,-9,-9,g,K,year,cm,,0.17094,548.79,NA,-9,-9,-9
SD,France,2024,Quarter,3,OTT_DEF_>=70_0_0,NA,27.8.a,,SOL,sol.27.8ab,LAN,R-Reported,Undetermined,Age,10,-9,-9,5,344,-9,-9,g,K,year,cm,,0.72304,884,NA,-9,-9,-9
SD,France,2024,Quarter,3,OTT_DEF_>=70_0_0,NA,27.8.a,,SOL,sol.27.8ab,LAN,R-Reported,Undetermined,Age,11,-9,-9,5,344,-9,-9,g,K,year,cm,,0.58513,1098.13,NA,-9,-9,-9
SD,France,2024,Quarter,3,OTT_DEF_>=70_0_0,NA,27.8.a,,SOL,sol.27.8ab,LAN,R-Reported,Undetermined,Age,16,-9,-9,5,344,-9,-9,g,K,year,cm,,0.75291,827,NA,-9,-9,-9
SD,France,2024,Quarter,4,GTR_DEF_40-59_0_0,NA,27.8.a,,SOL,sol.27.8ab,LAN,R-Reported,Undetermined,Age,1,-9,-9,4,85,-9,-9,g,K,year,cm,,0.25956,133.58,NA,-9,-9,-9
SD,France,2024,Quarter,4,GTR_DEF_40-59_0_0,NA,27.8.a,,SOL,sol.27.8ab,LAN,R-Reported,Undetermined,Age,2,-9,-9,4,85,-9,-9,g,K,year,cm,,1.8651,229.71,NA,-9,-9,-9
SD,France,2024,Quarter,4,GTR_DEF_40-59_0_0,NA,27.8.a,,SOL,sol.27.8ab,LAN,R-Reported,Undetermined,Age,3,-9,-9,4,85,-9,-9,g,K,year,cm,,2.15883,308.44,NA,-9,-9,-9
SD,France,2024,Quarter,4,GTR_DEF_40-59_0_0,NA,27.8.a,,SOL,sol.27.8ab,LAN,R-Reported,Undetermined,Age,4,-9,-9,4,85,-9,-9,g,K,year,cm,,1.17367,295.6,NA,-9,-9,-9
SD,France,2024,Quarter,4,GTR_DEF_40-59_0_0,NA,27.8.a,,SOL,sol.27.8ab,LAN,R-Reported,Undetermined,Age,5,-9,-9,4,85,-9,-9,g,K,year,cm,,1.31823,338.22,NA,-9,-9,-9
SD,France,2024,Quarter,4,GTR_DEF_40-59_0_0,NA,27.8.a,,SOL,sol.27.8ab,LAN,R-Reported,Undetermined,Age,6,-9,-9,4,85,-9,-9,g,K,year,cm,,0.83348,349.2,NA,-9,-9,-9
SD,France,2024,Quarter,4,GTR_DEF_40-59_0_0,NA,27.8.a,,SOL,sol.27.8ab,LAN,R-Reported,Undetermined,Age,7,-9,-9,4,85,-9,-9,g,K,year,cm,,0.50487,327.98,NA,-9,-9,-9
SD,France,2024,Quarter,4,GTR_DEF_40-59_0_0,NA,27.8.a,,SOL,sol.27.8ab,LAN,R-Reported,Undetermined,Age,8,-9,-9,4,85,-9,-9,g,K,year,cm,,0.36968,353.02,NA,-9,-9,-9
SD,France,2024,Quarter,4,GTR_DEF_40-59_0_0,NA,27.8.a,,SOL,sol.27.8ab,LAN,R-Reported,Undetermined,Age,9,-9,-9,4,85,-9,-9,g,K,year,cm,,0.33511,351.81,NA,-9,-9,-9
SD,France,2024,Quarter,4,GTR_DEF_40-59_0_0,NA,27.8.a,,SOL,sol.27.8ab,LAN,R-Reported,Undetermined,Age,10,-9,-9,4,85,-9,-9,g,K,year,cm,,0.23933,417.76,NA,-9,-9,-9
SD,France,2024,Quarter,4,GTR_DEF_40-59_0_0,NA,27.8.a,,SOL,sol.27.8ab,LAN,R-Reported,Undetermined,Age,11,-9,-9,4,85,-9,-9,g,K,year,cm,,0.2159,374.16,NA,-9,-9,-9
SD,France,2024,Quarter,4,GTR_DEF_40-59_0_0,NA,27.8.a,,SOL,sol.27.8ab,LAN,R-Reported,Undetermined,Age,13,-9,-9,4,85,-9,-9,g,K,year,cm,,0.06025,429.5,NA,-9,-9,-9
SD,France,2024,Quarter,2,OTB_DEF_>=70_0_0,NA,27.8.a,,SOL,sol.27.8ab,LAN,R-Reported,Undetermined,Age,2,-9,-9,12,740,-9,-9,g,K,year,cm,,10.92786,319.73,NA,-9,-9,-9
SD,France,2024,Quarter,2,OTB_DEF_>=70_0_0,NA,27.8.a,,SOL,sol.27.8ab,LAN,R-Reported,Undetermined,Age,3,-9,-9,12,740,-9,-9,g,K,year,cm,,39.82402,241.02,NA,-9,-9,-9
SD,France,2024,Quarter,2,OTB_DEF_>=70_0_0,NA,27.8.a,,SOL,sol.27.8ab,LAN,R-Reported,Undetermined,Age,4,-9,-9,12,740,-9,-9,g,K,year,cm,,29.44873,258.37,NA,-9,-9,-9
SD,France,2024,Quarter,2,OTB_DEF_>=70_0_0,NA,27.8.a,,SOL,sol.27.8ab,LAN,R-Reported,Undetermined,Age,5,-9,-9,12,740,-9,-9,g,K,year,cm,,32.93121,257.12,NA,-9,-9,-9
SD,France,2024,Quarter,2,OTB_DEF_>=70_0_0,NA,27.8.a,,SOL,sol.27.8ab,LAN,R-Reported,Undetermined,Age,6,-9,-9,12,740,-9,-9,g,K,year,cm,,15.40418,338.15,NA,-9,-9,-9
SD,France,2024,Quarter,2,OTB_DEF_>=70_0_0,NA,27.8.a,,SOL,sol.27.8ab,LAN,R-Reported,Undetermined,Age,7,-9,-9,12,740,-9,-9,g,K,year,cm,,20.89275,313.65,NA,-9,-9,-9
SD,France,2024,Quarter,2,OTB_DEF_>=70_0_0,NA,27.8.a,,SOL,sol.27.8ab,LAN,R-Reported,Undetermined,Age,8,-9,-9,12,740,-9,-9,g,K,year,cm,,9.93342,367.26,NA,-9,-9,-9
SD,France,2024,Quarter,2,OTB_DEF_>=70_0_0,NA,27.8.a,,SOL,sol.27.8ab,LAN,R-Reported,Undetermined,Age,9,-9,-9,12,740,-9,-9,g,K,year,cm,,7.92809,423.88,NA,-9,-9,-9
SD,France,2024,Quarter,2,OTB_DEF_>=70_0_0,NA,27.8.a,,SOL,sol.27.8ab,LAN,R-Reported,Undetermined,Age,10,-9,-9,12,740,-9,-9,g,K,year,cm,,1.50852,368.62,NA,-9,-9,-9
SD,France,2024,Quarter,2,OTB_DEF_>=70_0_0,NA,27.8.a,,SOL,sol.27.8ab,LAN,R-Reported,Undetermined,Age,11,-9,-9,12,740,-9,-9,g,K,year,cm,,1.02308,173,NA,-9,-9,-9
SD,France,2024,Quarter,2,OTB_DEF_>=70_0_0,NA,27.8.a,,SOL,sol.27.8ab,LAN,R-Reported,Undetermined,Age,12,-9,-9,12,740,-9,-9,g,K,year,cm,,2.14865,340.32,NA,-9,-9,-9
SD,France,2024,Quarter,2,OTB_DEF_>=70_0_0,NA,27.8.a,,SOL,sol.27.8ab,LAN,R-Reported,Undetermined,Age,13,-9,-9,12,740,-9,-9,g,K,year,cm,,0.46112,358,NA,-9,-9,-9
SD,France,2024,Quarter,2,OTB_DEF_>=70_0_0,NA,27.8.a,,SOL,sol.27.8ab,LAN,R-Reported,Undetermined,Age,14,-9,-9,12,740,-9,-9,g,K,year,cm,,0.9915,619,NA,-9,-9,-9
SD,France,2024,Quarter,1,OTT_CRU_>=70_0_0,NA,27.8.a,,SOL,sol.27.8ab,LAN,R-Reported,Undetermined,Age,2,-9,-9,8,140,-9,-9,g,K,year,cm,,3.33519,163.81,NA,-9,-9,-9
SD,France,2024,Quarter,1,OTT_CRU_>=70_0_0,NA,27.8.a,,SOL,sol.27.8ab,LAN,R-Reported,Undetermined,Age,3,-9,-9,8,140,-9,-9,g,K,year,cm,,10.45873,240.38,NA,-9,-9,-9
SD,France,2024,Quarter,1,OTT_CRU_>=70_0_0,NA,27.8.a,,SOL,sol.27.8ab,LAN,R-Reported,Undetermined,Age,4,-9,-9,8,140,-9,-9,g,K,year,cm,,8.68799,394.08,NA,-9,-9,-9
SD,France,2024,Quarter,1,OTT_CRU_>=70_0_0,NA,27.8.a,,SOL,sol.27.8ab,LAN,R-Reported,Undetermined,Age,5,-9,-9,8,140,-9,-9,g,K,year,cm,,5.56837,403.21,NA,-9,-9,-9
SD,France,2024,Quarter,1,OTT_CRU_>=70_0_0,NA,27.8.a,,SOL,sol.27.8ab,LAN,R-Reported,Undetermined,Age,6,-9,-9,8,140,-9,-9,g,K,year,cm,,5.24492,380.1,NA,-9,-9,-9
SD,France,2024,Quarter,1,OTT_CRU_>=70_0_0,NA,27.8.a,,SOL,sol.27.8ab,LAN,R-Reported,Undetermined,Age,7,-9,-9,8,140,-9,-9,g,K,year,cm,,2.56313,419.39,NA,-9,-9,-9
SD,France,2024,Quarter,1,OTT_CRU_>=70_0_0,NA,27.8.a,,SOL,sol.27.8ab,LAN,R-Reported,Undetermined,Age,8,-9,-9,8,140,-9,-9,g,K,year,cm,,1.954,475.46,NA,-9,-9,-9
SD,France,2024,Quarter,1,OTT_CRU_>=70_0_0,NA,27.8.a,,SOL,sol.27.8ab,LAN,R-Reported,Undetermined,Age,9,-9,-9,8,140,-9,-9,g,K,year,cm,,0.8463,529.81,NA,-9,-9,-9
SD,France,2024,Quarter,1,OTT_CRU_>=70_0_0,NA,27.8.a,,SOL,sol.27.8ab,LAN,R-Reported,Undetermined,Age,10,-9,-9,8,140,-9,-9,g,K,year,cm,,0.36007,646.32,NA,-9,-9,-9
SD,France,2024,Quarter,1,OTT_CRU_>=70_0_0,NA,27.8.a,,SOL,sol.27.8ab,LAN,R-Reported,Undetermined,Age,11,-9,-9,8,140,-9,-9,g,K,year,cm,,0.22708,585.36,NA,-9,-9,-9
SD,France,2024,Quarter,1,OTT_CRU_>=70_0_0,NA,27.8.a,,SOL,sol.27.8ab,LAN,R-Reported,Undetermined,Age,15,-9,-9,8,140,-9,-9,g,K,year,cm,,0.03777,619,NA,-9,-9,-9
SD,France,2024,Quarter,1,OTT_CRU_>=70_0_0,NA,27.8.a,,SOL,sol.27.8ab,LAN,R-Reported,Undetermined,Age,16,-9,-9,8,140,-9,-9,g,K,year,cm,,0.04616,770.24,NA,-9,-9,-9
SD,France,2024,Quarter,1,OTT_CRU_>=70_0_0,NA,27.8.a,,SOL,sol.27.8ab,LAN,R-Reported,Undetermined,Age,17,-9,-9,8,140,-9,-9,g,K,year,cm,,0.34161,372,NA,-9,-9,-9
SD,France,2024,Quarter,1,OTT_CRU_>=70_0_0,NA,27.8.a,,SOL,sol.27.8ab,LAN,R-Reported,Undetermined,Age,21,-9,-9,8,140,-9,-9,g,K,year,cm,,0.07501,797,NA,-9,-9,-9
SD,France,2024,Quarter,2,OTB_DEF_32-69_0_0,NA,27.8.b,,SOL,sol.27.8ab,LAN,R-Reported,Undetermined,Age,2,-9,-9,3,62,-9,-9,g,K,year,cm,,0.2728,296.61,NA,-9,-9,-9
SD,France,2024,Quarter,2,OTB_DEF_32-69_0_0,NA,27.8.b,,SOL,sol.27.8ab,LAN,R-Reported,Undetermined,Age,3,-9,-9,3,62,-9,-9,g,K,year,cm,,4.05766,218.23,NA,-9,-9,-9
SD,France,2024,Quarter,2,OTB_DEF_32-69_0_0,NA,27.8.b,,SOL,sol.27.8ab,LAN,R-Reported,Undetermined,Age,4,-9,-9,3,62,-9,-9,g,K,year,cm,,2.34883,250.98,NA,-9,-9,-9
SD,France,2024,Quarter,2,OTB_DEF_32-69_0_0,NA,27.8.b,,SOL,sol.27.8ab,LAN,R-Reported,Undetermined,Age,5,-9,-9,3,62,-9,-9,g,K,year,cm,,2.37556,250.24,NA,-9,-9,-9
SD,France,2024,Quarter,2,OTB_DEF_32-69_0_0,NA,27.8.b,,SOL,sol.27.8ab,LAN,R-Reported,Undetermined,Age,6,-9,-9,3,62,-9,-9,g,K,year,cm,,1.02244,373.33,NA,-9,-9,-9
SD,France,2024,Quarter,2,OTB_DEF_32-69_0_0,NA,27.8.b,,SOL,sol.27.8ab,LAN,R-Reported,Undetermined,Age,7,-9,-9,3,62,-9,-9,g,K,year,cm,,1.23063,331.92,NA,-9,-9,-9
SD,France,2024,Quarter,2,OTB_DEF_32-69_0_0,NA,27.8.b,,SOL,sol.27.8ab,LAN,R-Reported,Undetermined,Age,8,-9,-9,3,62,-9,-9,g,K,year,cm,,0.73055,380.37,NA,-9,-9,-9
SD,France,2024,Quarter,2,OTB_DEF_32-69_0_0,NA,27.8.b,,SOL,sol.27.8ab,LAN,R-Reported,Undetermined,Age,9,-9,-9,3,62,-9,-9,g,K,year,cm,,1.06098,616.19,NA,-9,-9,-9
SD,France,2024,Quarter,2,OTB_DEF_32-69_0_0,NA,27.8.b,,SOL,sol.27.8ab,LAN,R-Reported,Undetermined,Age,10,-9,-9,3,62,-9,-9,g,K,year,cm,,0.14594,451.18,NA,-9,-9,-9
SD,France,2024,Quarter,2,OTB_DEF_32-69_0_0,NA,27.8.b,,SOL,sol.27.8ab,LAN,R-Reported,Undetermined,Age,11,-9,-9,3,62,-9,-9,g,K,year,cm,,0.67675,173,NA,-9,-9,-9
SD,France,2024,Quarter,2,OTB_DEF_32-69_0_0,NA,27.8.b,,SOL,sol.27.8ab,LAN,R-Reported,Undetermined,Age,12,-9,-9,3,62,-9,-9,g,K,year,cm,,0.06695,408.32,NA,-9,-9,-9
SD,France,2024,Quarter,2,OTB_DEF_32-69_0_0,NA,27.8.b,,SOL,sol.27.8ab,LAN,R-Reported,Undetermined,Age,13,-9,-9,3,62,-9,-9,g,K,year,cm,,0.0348,358,NA,-9,-9,-9
SD,France,2024,Quarter,1,GTR_DEF_100-119_0_0_all,NA,27.8.b,,SOL,sol.27.8ab,DIS,R-Reported,Undetermined,Age,1,-9,-9,21,23,-9,-9,g,K,year,cm,,3.2145,63.52,NA,-9,-9,-9
SD,France,2024,Quarter,1,GTR_DEF_100-119_0_0_all,NA,27.8.b,,SOL,sol.27.8ab,DIS,R-Reported,Undetermined,Age,2,-9,-9,21,23,-9,-9,g,K,year,cm,,2.82279,158.75,NA,-9,-9,-9
SD,France,2024,Quarter,1,GTR_DEF_100-119_0_0_all,NA,27.8.b,,SOL,sol.27.8ab,DIS,R-Reported,Undetermined,Age,3,-9,-9,21,23,-9,-9,g,K,year,cm,,4.74116,194.25,NA,-9,-9,-9
SD,France,2024,Quarter,1,GTR_DEF_100-119_0_0_all,NA,27.8.b,,SOL,sol.27.8ab,DIS,R-Reported,Undetermined,Age,4,-9,-9,21,23,-9,-9,g,K,year,cm,,1.90689,334.18,NA,-9,-9,-9
SD,France,2024,Quarter,1,GTR_DEF_100-119_0_0_all,NA,27.8.b,,SOL,sol.27.8ab,DIS,R-Reported,Undetermined,Age,5,-9,-9,21,23,-9,-9,g,K,year,cm,,1.12481,337.41,NA,-9,-9,-9
SD,France,2024,Quarter,1,GTR_DEF_100-119_0_0_all,NA,27.8.b,,SOL,sol.27.8ab,DIS,R-Reported,Undetermined,Age,6,-9,-9,21,23,-9,-9,g,K,year,cm,,0.71329,319.55,NA,-9,-9,-9
SD,France,2024,Quarter,1,GTR_DEF_100-119_0_0_all,NA,27.8.b,,SOL,sol.27.8ab,DIS,R-Reported,Undetermined,Age,7,-9,-9,21,23,-9,-9,g,K,year,cm,,0.30007,452.15,NA,-9,-9,-9
SD,France,2024,Quarter,1,GTR_DEF_100-119_0_0_all,NA,27.8.b,,SOL,sol.27.8ab,DIS,R-Reported,Undetermined,Age,8,-9,-9,21,23,-9,-9,g,K,year,cm,,0.41588,802,NA,-9,-9,-9
SD,France,2024,Quarter,1,GTR_DEF_100-119_0_0_all,NA,27.8.b,,SOL,sol.27.8ab,DIS,R-Reported,Undetermined,Age,10,-9,-9,21,23,-9,-9,g,K,year,cm,,0.04694,581.07,NA,-9,-9,-9
SD,France,2024,Quarter,1,GTR_DEF_100-119_0_0_all,NA,27.8.b,,SOL,sol.27.8ab,DIS,R-Reported,Undetermined,Age,11,-9,-9,21,23,-9,-9,g,K,year,cm,,0.02724,575,NA,-9,-9,-9
SD,France,2024,Quarter,1,GTR_DEF_100-119_0_0_all,NA,27.8.b,,SOL,sol.27.8ab,DIS,R-Reported,Undetermined,Age,16,-9,-9,21,23,-9,-9,g,K,year,cm,,0.08172,963,NA,-9,-9,-9
SD,France,2024,Quarter,4,GTR_DEF_100-119_0_0_all,NA,27.8.a,,SOL,sol.27.8ab,LAN,R-Reported,Undetermined,Age,1,-9,-9,24,736,-9,-9,g,K,year,cm,,6.76121,172.39,NA,-9,-9,-9
SD,France,2024,Quarter,4,GTR_DEF_100-119_0_0_all,NA,27.8.a,,SOL,sol.27.8ab,LAN,R-Reported,Undetermined,Age,2,-9,-9,24,736,-9,-9,g,K,year,cm,,116.54959,250.09,NA,-9,-9,-9
SD,France,2024,Quarter,4,GTR_DEF_100-119_0_0_all,NA,27.8.a,,SOL,sol.27.8ab,LAN,R-Reported,Undetermined,Age,3,-9,-9,24,736,-9,-9,g,K,year,cm,,117.29472,310.73,NA,-9,-9,-9
SD,France,2024,Quarter,4,GTR_DEF_100-119_0_0_all,NA,27.8.a,,SOL,sol.27.8ab,LAN,R-Reported,Undetermined,Age,4,-9,-9,24,736,-9,-9,g,K,year,cm,,91.88405,349.28,NA,-9,-9,-9
SD,France,2024,Quarter,4,GTR_DEF_100-119_0_0_all,NA,27.8.a,,SOL,sol.27.8ab,LAN,R-Reported,Undetermined,Age,5,-9,-9,24,736,-9,-9,g,K,year,cm,,65.71402,341.11,NA,-9,-9,-9
SD,France,2024,Quarter,4,GTR_DEF_100-119_0_0_all,NA,27.8.a,,SOL,sol.27.8ab,LAN,R-Reported,Undetermined,Age,6,-9,-9,24,736,-9,-9,g,K,year,cm,,46.0214,362.09,NA,-9,-9,-9
SD,France,2024,Quarter,4,GTR_DEF_100-119_0_0_all,NA,27.8.a,,SOL,sol.27.8ab,LAN,R-Reported,Undetermined,Age,7,-9,-9,24,736,-9,-9,g,K,year,cm,,34.54734,336.82,NA,-9,-9,-9
SD,France,2024,Quarter,4,GTR_DEF_100-119_0_0_all,NA,27.8.a,,SOL,sol.27.8ab,LAN,R-Reported,Undetermined,Age,8,-9,-9,24,736,-9,-9,g,K,year,cm,,27.54592,451.4,NA,-9,-9,-9
SD,France,2024,Quarter,4,GTR_DEF_100-119_0_0_all,NA,27.8.a,,SOL,sol.27.8ab,LAN,R-Reported,Undetermined,Age,9,-9,-9,24,736,-9,-9,g,K,year,cm,,18.40236,360.19,NA,-9,-9,-9
SD,France,2024,Quarter,4,GTR_DEF_100-119_0_0_all,NA,27.8.a,,SOL,sol.27.8ab,LAN,R-Reported,Undetermined,Age,10,-9,-9,24,736,-9,-9,g,K,year,cm,,28.46687,509.22,NA,-9,-9,-9
SD,France,2024,Quarter,4,GTR_DEF_100-119_0_0_all,NA,27.8.a,,SOL,sol.27.8ab,LAN,R-Reported,Undetermined,Age,11,-9,-9,24,736,-9,-9,g,K,year,cm,,22.84483,618.48,NA,-9,-9,-9
SD,France,2024,Quarter,4,GTR_DEF_100-119_0_0_all,NA,27.8.a,,SOL,sol.27.8ab,LAN,R-Reported,Undetermined,Age,12,-9,-9,24,736,-9,-9,g,K,year,cm,,7.32079,617.23,NA,-9,-9,-9
SD,France,2024,Quarter,4,GTR_DEF_100-119_0_0_all,NA,27.8.a,,SOL,sol.27.8ab,LAN,R-Reported,Undetermined,Age,13,-9,-9,24,736,-9,-9,g,K,year,cm,,23.84565,725.93,NA,-9,-9,-9
SD,France,2024,Quarter,4,GTR_DEF_100-119_0_0_all,NA,27.8.a,,SOL,sol.27.8ab,LAN,R-Reported,Undetermined,Age,14,-9,-9,24,736,-9,-9,g,K,year,cm,,8.23904,729.84,NA,-9,-9,-9
SD,France,2024,Quarter,4,OTB_DEF_>=70_0_0,NA,27.8.b,,SOL,sol.27.8ab,LAN,R-Reported,Undetermined,Age,1,-9,-9,6,333,-9,-9,g,K,year,cm,,3.92845,159.73,NA,-9,-9,-9
SD,France,2024,Quarter,4,OTB_DEF_>=70_0_0,NA,27.8.b,,SOL,sol.27.8ab,LAN,R-Reported,Undetermined,Age,2,-9,-9,6,333,-9,-9,g,K,year,cm,,35.04191,225.79,NA,-9,-9,-9
SD,France,2024,Quarter,4,OTB_DEF_>=70_0_0,NA,27.8.b,,SOL,sol.27.8ab,LAN,R-Reported,Undetermined,Age,3,-9,-9,6,333,-9,-9,g,K,year,cm,,23.57978,290.11,NA,-9,-9,-9
SD,France,2024,Quarter,4,OTB_DEF_>=70_0_0,NA,27.8.b,,SOL,sol.27.8ab,LAN,R-Reported,Undetermined,Age,4,-9,-9,6,333,-9,-9,g,K,year,cm,,17.88284,324.65,NA,-9,-9,-9
SD,France,2024,Quarter,4,OTB_DEF_>=70_0_0,NA,27.8.b,,SOL,sol.27.8ab,LAN,R-Reported,Undetermined,Age,5,-9,-9,6,333,-9,-9,g,K,year,cm,,14.00815,326.06,NA,-9,-9,-9
SD,France,2024,Quarter,4,OTB_DEF_>=70_0_0,NA,27.8.b,,SOL,sol.27.8ab,LAN,R-Reported,Undetermined,Age,6,-9,-9,6,333,-9,-9,g,K,year,cm,,7.59085,353.64,NA,-9,-9,-9
SD,France,2024,Quarter,4,OTB_DEF_>=70_0_0,NA,27.8.b,,SOL,sol.27.8ab,LAN,R-Reported,Undetermined,Age,7,-9,-9,6,333,-9,-9,g,K,year,cm,,6.93059,324.71,NA,-9,-9,-9
SD,France,2024,Quarter,4,OTB_DEF_>=70_0_0,NA,27.8.b,,SOL,sol.27.8ab,LAN,R-Reported,Undetermined,Age,8,-9,-9,6,333,-9,-9,g,K,year,cm,,4.00375,396.65,NA,-9,-9,-9
SD,France,2024,Quarter,4,OTB_DEF_>=70_0_0,NA,27.8.b,,SOL,sol.27.8ab,LAN,R-Reported,Undetermined,Age,9,-9,-9,6,333,-9,-9,g,K,year,cm,,3.32477,353.61,NA,-9,-9,-9
SD,France,2024,Quarter,4,OTB_DEF_>=70_0_0,NA,27.8.b,,SOL,sol.27.8ab,LAN,R-Reported,Undetermined,Age,10,-9,-9,6,333,-9,-9,g,K,year,cm,,3.31966,519.12,NA,-9,-9,-9
SD,France,2024,Quarter,4,OTB_DEF_>=70_0_0,NA,27.8.b,,SOL,sol.27.8ab,LAN,R-Reported,Undetermined,Age,11,-9,-9,6,333,-9,-9,g,K,year,cm,,1.78064,391.18,NA,-9,-9,-9
SD,France,2024,Quarter,4,OTB_DEF_>=70_0_0,NA,27.8.b,,SOL,sol.27.8ab,LAN,R-Reported,Undetermined,Age,12,-9,-9,6,333,-9,-9,g,K,year,cm,,0.43009,617.23,NA,-9,-9,-9
SD,France,2024,Quarter,4,OTB_DEF_>=70_0_0,NA,27.8.b,,SOL,sol.27.8ab,LAN,R-Reported,Undetermined,Age,13,-9,-9,6,333,-9,-9,g,K,year,cm,,1.10164,506.91,NA,-9,-9,-9
SD,France,2024,Quarter,4,OTB_DEF_>=70_0_0,NA,27.8.b,,SOL,sol.27.8ab,LAN,R-Reported,Undetermined,Age,14,-9,-9,6,333,-9,-9,g,K,year,cm,,0.91351,729.84,NA,-9,-9,-9
SD,France,2024,Quarter,3,OTB_DEF_>=70_0_0,NA,27.8.a,,SOL,sol.27.8ab,LAN,R-Reported,Undetermined,Age,1,-9,-9,17,484,-9,-9,g,K,year,cm,,22.45272,154.12,NA,-9,-9,-9
SD,France,2024,Quarter,3,OTB_DEF_>=70_0_0,NA,27.8.a,,SOL,sol.27.8ab,LAN,R-Reported,Undetermined,Age,2,-9,-9,17,484,-9,-9,g,K,year,cm,,76.44213,210.43,NA,-9,-9,-9
SD,France,2024,Quarter,3,OTB_DEF_>=70_0_0,NA,27.8.a,,SOL,sol.27.8ab,LAN,R-Reported,Undetermined,Age,3,-9,-9,17,484,-9,-9,g,K,year,cm,,39.50744,302.79,NA,-9,-9,-9
SD,France,2024,Quarter,3,OTB_DEF_>=70_0_0,NA,27.8.a,,SOL,sol.27.8ab,LAN,R-Reported,Undetermined,Age,4,-9,-9,17,484,-9,-9,g,K,year,cm,,11.20619,350.88,NA,-9,-9,-9
SD,France,2024,Quarter,3,OTB_DEF_>=70_0_0,NA,27.8.a,,SOL,sol.27.8ab,LAN,R-Reported,Undetermined,Age,5,-9,-9,17,484,-9,-9,g,K,year,cm,,2.64337,468.51,NA,-9,-9,-9
SD,France,2024,Quarter,3,OTB_DEF_>=70_0_0,NA,27.8.a,,SOL,sol.27.8ab,LAN,R-Reported,Undetermined,Age,6,-9,-9,17,484,-9,-9,g,K,year,cm,,2.8071,401.45,NA,-9,-9,-9
SD,France,2024,Quarter,3,OTB_DEF_>=70_0_0,NA,27.8.a,,SOL,sol.27.8ab,LAN,R-Reported,Undetermined,Age,7,-9,-9,17,484,-9,-9,g,K,year,cm,,2.38,505.19,NA,-9,-9,-9
SD,France,2024,Quarter,3,OTB_DEF_>=70_0_0,NA,27.8.a,,SOL,sol.27.8ab,LAN,R-Reported,Undetermined,Age,8,-9,-9,17,484,-9,-9,g,K,year,cm,,0.44254,580.3,NA,-9,-9,-9
SD,France,2024,Quarter,3,OTB_DEF_>=70_0_0,NA,27.8.a,,SOL,sol.27.8ab,LAN,R-Reported,Undetermined,Age,9,-9,-9,17,484,-9,-9,g,K,year,cm,,0.16197,551.92,NA,-9,-9,-9
SD,France,2024,Quarter,3,OTB_DEF_>=70_0_0,NA,27.8.a,,SOL,sol.27.8ab,LAN,R-Reported,Undetermined,Age,10,-9,-9,17,484,-9,-9,g,K,year,cm,,0.35798,884,NA,-9,-9,-9
SD,France,2024,Quarter,3,OTB_DEF_>=70_0_0,NA,27.8.a,,SOL,sol.27.8ab,LAN,R-Reported,Undetermined,Age,11,-9,-9,17,484,-9,-9,g,K,year,cm,,0.11859,558,NA,-9,-9,-9
SD,France,2024,Quarter,3,OTB_DEF_>=70_0_0,NA,27.8.a,,SOL,sol.27.8ab,LAN,R-Reported,Undetermined,Age,16,-9,-9,17,484,-9,-9,g,K,year,cm,,0.35798,827,NA,-9,-9,-9
SD,France,2024,Quarter,3,OTB_DEF_<16_0_0_all,NA,27.8.a,,SOL,sol.27.8ab,LAN,R-Reported,Undetermined,Age,1,-9,-9,2,65,-9,-9,g,K,year,cm,,0.24022,161.6,NA,-9,-9,-9
SD,France,2024,Quarter,3,OTB_DEF_<16_0_0_all,NA,27.8.a,,SOL,sol.27.8ab,LAN,R-Reported,Undetermined,Age,2,-9,-9,2,65,-9,-9,g,K,year,cm,,0.92188,205.14,NA,-9,-9,-9
SD,France,2024,Quarter,3,OTB_DEF_<16_0_0_all,NA,27.8.a,,SOL,sol.27.8ab,LAN,R-Reported,Undetermined,Age,3,-9,-9,2,65,-9,-9,g,K,year,cm,,0.38603,270.25,NA,-9,-9,-9
SD,France,2024,Quarter,3,OTB_DEF_<16_0_0_all,NA,27.8.a,,SOL,sol.27.8ab,LAN,R-Reported,Undetermined,Age,4,-9,-9,2,65,-9,-9,g,K,year,cm,,0.10135,276.97,NA,-9,-9,-9
SD,France,2024,Quarter,3,OTB_DEF_<16_0_0_all,NA,27.8.a,,SOL,sol.27.8ab,LAN,R-Reported,Undetermined,Age,5,-9,-9,2,65,-9,-9,g,K,year,cm,,0.01958,360.83,NA,-9,-9,-9
SD,France,2024,Quarter,3,OTB_DEF_<16_0_0_all,NA,27.8.a,,SOL,sol.27.8ab,LAN,R-Reported,Undetermined,Age,6,-9,-9,2,65,-9,-9,g,K,year,cm,,0.02606,211.68,NA,-9,-9,-9
SD,France,2024,Quarter,3,OTB_DEF_<16_0_0_all,NA,27.8.a,,SOL,sol.27.8ab,LAN,R-Reported,Undetermined,Age,7,-9,-9,2,65,-9,-9,g,K,year,cm,,0.01458,276.56,NA,-9,-9,-9
SD,France,2024,Quarter,3,OTB_DEF_<16_0_0_all,NA,27.8.a,,SOL,sol.27.8ab,LAN,R-Reported,Undetermined,Age,8,-9,-9,2,65,-9,-9,g,K,year,cm,,0.01421,894.7,NA,-9,-9,-9
SD,France,2024,Quarter,3,OTB_DEF_<16_0_0_all,NA,27.8.a,,SOL,sol.27.8ab,LAN,R-Reported,Undetermined,Age,11,-9,-9,2,65,-9,-9,g,K,year,cm,,0.01421,1118.95,NA,-9,-9,-9
SD,France,2024,Quarter,2,GTR_DEF_all_0_0_all,NA,27.8.b,,SOL,sol.27.8ab,LAN,R-Reported,Undetermined,Age,2,-9,-9,7,58,-9,-9,g,K,year,cm,,0.07139,325.85,NA,-9,-9,-9
SD,France,2024,Quarter,2,GTR_DEF_all_0_0_all,NA,27.8.b,,SOL,sol.27.8ab,LAN,R-Reported,Undetermined,Age,3,-9,-9,7,58,-9,-9,g,K,year,cm,,0.2256,311.99,NA,-9,-9,-9
SD,France,2024,Quarter,2,GTR_DEF_all_0_0_all,NA,27.8.b,,SOL,sol.27.8ab,LAN,R-Reported,Undetermined,Age,4,-9,-9,7,58,-9,-9,g,K,year,cm,,0.1758,326.9,NA,-9,-9,-9
SD,France,2024,Quarter,2,GTR_DEF_all_0_0_all,NA,27.8.b,,SOL,sol.27.8ab,LAN,R-Reported,Undetermined,Age,5,-9,-9,7,58,-9,-9,g,K,year,cm,,0.18171,317.3,NA,-9,-9,-9
SD,France,2024,Quarter,2,GTR_DEF_all_0_0_all,NA,27.8.b,,SOL,sol.27.8ab,LAN,R-Reported,Undetermined,Age,6,-9,-9,7,58,-9,-9,g,K,year,cm,,0.12194,393.42,NA,-9,-9,-9
SD,France,2024,Quarter,2,GTR_DEF_all_0_0_all,NA,27.8.b,,SOL,sol.27.8ab,LAN,R-Reported,Undetermined,Age,7,-9,-9,7,58,-9,-9,g,K,year,cm,,0.14458,392.19,NA,-9,-9,-9
SD,France,2024,Quarter,2,GTR_DEF_all_0_0_all,NA,27.8.b,,SOL,sol.27.8ab,LAN,R-Reported,Undetermined,Age,8,-9,-9,7,58,-9,-9,g,K,year,cm,,0.07685,442.38,NA,-9,-9,-9
SD,France,2024,Quarter,2,GTR_DEF_all_0_0_all,NA,27.8.b,,SOL,sol.27.8ab,LAN,R-Reported,Undetermined,Age,9,-9,-9,7,58,-9,-9,g,K,year,cm,,0.05581,592.84,NA,-9,-9,-9
SD,France,2024,Quarter,2,GTR_DEF_all_0_0_all,NA,27.8.b,,SOL,sol.27.8ab,LAN,R-Reported,Undetermined,Age,10,-9,-9,7,58,-9,-9,g,K,year,cm,,0.01078,442.74,NA,-9,-9,-9
SD,France,2024,Quarter,2,GTR_DEF_all_0_0_all,NA,27.8.b,,SOL,sol.27.8ab,LAN,R-Reported,Undetermined,Age,11,-9,-9,7,58,-9,-9,g,K,year,cm,,0.00328,173,NA,-9,-9,-9
SD,France,2024,Quarter,2,GTR_DEF_all_0_0_all,NA,27.8.b,,SOL,sol.27.8ab,LAN,R-Reported,Undetermined,Age,12,-9,-9,7,58,-9,-9,g,K,year,cm,,0.0209,399.3,NA,-9,-9,-9
SD,France,2024,Quarter,2,GTR_DEF_all_0_0_all,NA,27.8.b,,SOL,sol.27.8ab,LAN,R-Reported,Undetermined,Age,13,-9,-9,7,58,-9,-9,g,K,year,cm,,0.00699,358,NA,-9,-9,-9
SD,France,2024,Quarter,2,GTR_DEF_all_0_0_all,NA,27.8.b,,SOL,sol.27.8ab,LAN,R-Reported,Undetermined,Age,14,-9,-9,7,58,-9,-9,g,K,year,cm,,0.00255,619,NA,-9,-9,-9
SD,France,2024,Quarter,4,OTT_DEF_>=70_0_0,NA,27.8.a,,SOL,sol.27.8ab,LAN,R-Reported,Undetermined,Age,1,-9,-9,5,136,-9,-9,g,K,year,cm,,1.06357,177.98,NA,-9,-9,-9
SD,France,2024,Quarter,4,OTT_DEF_>=70_0_0,NA,27.8.a,,SOL,sol.27.8ab,LAN,R-Reported,Undetermined,Age,2,-9,-9,5,136,-9,-9,g,K,year,cm,,12.4379,213.58,NA,-9,-9,-9
SD,France,2024,Quarter,4,OTT_DEF_>=70_0_0,NA,27.8.a,,SOL,sol.27.8ab,LAN,R-Reported,Undetermined,Age,3,-9,-9,5,136,-9,-9,g,K,year,cm,,10.33229,361.87,NA,-9,-9,-9
SD,France,2024,Quarter,4,OTT_DEF_>=70_0_0,NA,27.8.a,,SOL,sol.27.8ab,LAN,R-Reported,Undetermined,Age,4,-9,-9,5,136,-9,-9,g,K,year,cm,,10.31788,409.46,NA,-9,-9,-9
SD,France,2024,Quarter,4,OTT_DEF_>=70_0_0,NA,27.8.a,,SOL,sol.27.8ab,LAN,R-Reported,Undetermined,Age,5,-9,-9,5,136,-9,-9,g,K,year,cm,,5.31668,381.79,NA,-9,-9,-9
SD,France,2024,Quarter,4,OTT_DEF_>=70_0_0,NA,27.8.a,,SOL,sol.27.8ab,LAN,R-Reported,Undetermined,Age,6,-9,-9,5,136,-9,-9,g,K,year,cm,,4.44049,426.99,NA,-9,-9,-9
SD,France,2024,Quarter,4,OTT_DEF_>=70_0_0,NA,27.8.a,,SOL,sol.27.8ab,LAN,R-Reported,Undetermined,Age,7,-9,-9,5,136,-9,-9,g,K,year,cm,,3.18868,379.81,NA,-9,-9,-9
SD,France,2024,Quarter,4,OTT_DEF_>=70_0_0,NA,27.8.a,,SOL,sol.27.8ab,LAN,R-Reported,Undetermined,Age,8,-9,-9,5,136,-9,-9,g,K,year,cm,,6.17756,576.18,NA,-9,-9,-9
SD,France,2024,Quarter,4,OTT_DEF_>=70_0_0,NA,27.8.a,,SOL,sol.27.8ab,LAN,R-Reported,Undetermined,Age,9,-9,-9,5,136,-9,-9,g,K,year,cm,,1.60427,371.36,NA,-9,-9,-9
SD,France,2024,Quarter,4,OTT_DEF_>=70_0_0,NA,27.8.a,,SOL,sol.27.8ab,LAN,R-Reported,Undetermined,Age,10,-9,-9,5,136,-9,-9,g,K,year,cm,,6.83144,586.39,NA,-9,-9,-9
SD,France,2024,Quarter,4,OTT_DEF_>=70_0_0,NA,27.8.a,,SOL,sol.27.8ab,LAN,R-Reported,Undetermined,Age,11,-9,-9,5,136,-9,-9,g,K,year,cm,,8.3098,779.73,NA,-9,-9,-9
SD,France,2024,Quarter,4,OTT_DEF_>=70_0_0,NA,27.8.a,,SOL,sol.27.8ab,LAN,R-Reported,Undetermined,Age,12,-9,-9,5,136,-9,-9,g,K,year,cm,,3.50628,617.23,NA,-9,-9,-9
SD,France,2024,Quarter,4,OTT_DEF_>=70_0_0,NA,27.8.a,,SOL,sol.27.8ab,LAN,R-Reported,Undetermined,Age,13,-9,-9,5,136,-9,-9,g,K,year,cm,,11.80531,935.21,NA,-9,-9,-9
SD,France,2024,Quarter,4,OTT_DEF_>=70_0_0,NA,27.8.a,,SOL,sol.27.8ab,LAN,R-Reported,Undetermined,Age,14,-9,-9,5,136,-9,-9,g,K,year,cm,,2.54682,729.84,NA,-9,-9,-9
SD,France,2024,Quarter,3,OTB_DEF_32-69_0_0,NA,27.8.a,,SOL,sol.27.8ab,LAN,R-Reported,Undetermined,Age,1,-9,-9,6,57,-9,-9,g,K,year,cm,,2.40721,156.65,NA,-9,-9,-9
SD,France,2024,Quarter,3,OTB_DEF_32-69_0_0,NA,27.8.a,,SOL,sol.27.8ab,LAN,R-Reported,Undetermined,Age,2,-9,-9,6,57,-9,-9,g,K,year,cm,,10.50111,191.84,NA,-9,-9,-9
SD,France,2024,Quarter,3,OTB_DEF_32-69_0_0,NA,27.8.a,,SOL,sol.27.8ab,LAN,R-Reported,Undetermined,Age,3,-9,-9,6,57,-9,-9,g,K,year,cm,,4.35064,258.22,NA,-9,-9,-9
SD,France,2024,Quarter,3,OTB_DEF_32-69_0_0,NA,27.8.a,,SOL,sol.27.8ab,LAN,R-Reported,Undetermined,Age,4,-9,-9,6,57,-9,-9,g,K,year,cm,,1.02812,240.41,NA,-9,-9,-9
SD,France,2024,Quarter,3,OTB_DEF_32-69_0_0,NA,27.8.a,,SOL,sol.27.8ab,LAN,R-Reported,Undetermined,Age,5,-9,-9,6,57,-9,-9,g,K,year,cm,,0.1059,370.89,NA,-9,-9,-9
SD,France,2024,Quarter,3,OTB_DEF_32-69_0_0,NA,27.8.a,,SOL,sol.27.8ab,LAN,R-Reported,Undetermined,Age,6,-9,-9,6,57,-9,-9,g,K,year,cm,,0.23653,262.02,NA,-9,-9,-9
SD,France,2024,Quarter,3,OTB_DEF_32-69_0_0,NA,27.8.a,,SOL,sol.27.8ab,LAN,R-Reported,Undetermined,Age,7,-9,-9,6,57,-9,-9,g,K,year,cm,,0.10313,367.43,NA,-9,-9,-9
SD,France,2024,Quarter,3,OTB_DEF_32-69_0_0,NA,27.8.a,,SOL,sol.27.8ab,LAN,R-Reported,Undetermined,Age,8,-9,-9,6,57,-9,-9,g,K,year,cm,,0.03084,584,NA,-9,-9,-9
SD,France,2024,Quarter,3,OTB_DEF_32-69_0_0,NA,27.8.a,,SOL,sol.27.8ab,LAN,R-Reported,Undetermined,Age,9,-9,-9,6,57,-9,-9,g,K,year,cm,,0.01542,536,NA,-9,-9,-9
SD,France,2024,Quarter,4,GTR_DEF_100-119_0_0_all,NA,27.8.b,,SOL,sol.27.8ab,DIS,R-Reported,Undetermined,Age,1,-9,-9,8,28,-9,-9,g,K,year,cm,,12.03815,96.75,NA,-9,-9,-9
SD,France,2024,Quarter,4,GTR_DEF_100-119_0_0_all,NA,27.8.b,,SOL,sol.27.8ab,DIS,R-Reported,Undetermined,Age,2,-9,-9,8,28,-9,-9,g,K,year,cm,,6.73157,143.9,NA,-9,-9,-9
SD,France,2024,Quarter,4,GTR_DEF_100-119_0_0_all,NA,27.8.b,,SOL,sol.27.8ab,DIS,R-Reported,Undetermined,Age,3,-9,-9,8,28,-9,-9,g,K,year,cm,,2.86164,197.91,NA,-9,-9,-9
SD,France,2024,Quarter,4,GTR_DEF_100-119_0_0_all,NA,27.8.b,,SOL,sol.27.8ab,DIS,R-Reported,Undetermined,Age,4,-9,-9,8,28,-9,-9,g,K,year,cm,,1.18235,242.86,NA,-9,-9,-9
SD,France,2024,Quarter,4,GTR_DEF_100-119_0_0_all,NA,27.8.b,,SOL,sol.27.8ab,DIS,R-Reported,Undetermined,Age,5,-9,-9,8,28,-9,-9,g,K,year,cm,,0.46612,273.68,NA,-9,-9,-9
SD,France,2024,Quarter,4,GTR_DEF_100-119_0_0_all,NA,27.8.b,,SOL,sol.27.8ab,DIS,R-Reported,Undetermined,Age,6,-9,-9,8,28,-9,-9,g,K,year,cm,,0.25216,285.98,NA,-9,-9,-9
SD,France,2024,Quarter,4,GTR_DEF_100-119_0_0_all,NA,27.8.b,,SOL,sol.27.8ab,DIS,R-Reported,Undetermined,Age,7,-9,-9,8,28,-9,-9,g,K,year,cm,,0.18822,252.18,NA,-9,-9,-9
SD,France,2024,Quarter,4,GTR_DEF_100-119_0_0_all,NA,27.8.b,,SOL,sol.27.8ab,DIS,R-Reported,Undetermined,Age,9,-9,-9,8,28,-9,-9,g,K,year,cm,,0.25216,285.98,NA,-9,-9,-9
SD,France,2024,Quarter,4,OTB_DEF_>=70_0_0,NA,27.8.a,,SOL,sol.27.8ab,LAN,R-Reported,Undetermined,Age,1,-9,-9,47,935,-9,-9,g,K,year,cm,,7.91326,144.36,NA,-9,-9,-9
SD,France,2024,Quarter,4,OTB_DEF_>=70_0_0,NA,27.8.a,,SOL,sol.27.8ab,LAN,R-Reported,Undetermined,Age,2,-9,-9,47,935,-9,-9,g,K,year,cm,,50.12255,206.48,NA,-9,-9,-9
SD,France,2024,Quarter,4,OTB_DEF_>=70_0_0,NA,27.8.a,,SOL,sol.27.8ab,LAN,R-Reported,Undetermined,Age,3,-9,-9,47,935,-9,-9,g,K,year,cm,,30.4475,284.44,NA,-9,-9,-9
SD,France,2024,Quarter,4,OTB_DEF_>=70_0_0,NA,27.8.a,,SOL,sol.27.8ab,LAN,R-Reported,Undetermined,Age,4,-9,-9,47,935,-9,-9,g,K,year,cm,,21.23588,310.69,NA,-9,-9,-9
SD,France,2024,Quarter,4,OTB_DEF_>=70_0_0,NA,27.8.a,,SOL,sol.27.8ab,LAN,R-Reported,Undetermined,Age,5,-9,-9,47,935,-9,-9,g,K,year,cm,,15.07491,330.64,NA,-9,-9,-9
SD,France,2024,Quarter,4,OTB_DEF_>=70_0_0,NA,27.8.a,,SOL,sol.27.8ab,LAN,R-Reported,Undetermined,Age,6,-9,-9,47,935,-9,-9,g,K,year,cm,,9.40529,359.58,NA,-9,-9,-9
SD,France,2024,Quarter,4,OTB_DEF_>=70_0_0,NA,27.8.a,,SOL,sol.27.8ab,LAN,R-Reported,Undetermined,Age,7,-9,-9,47,935,-9,-9,g,K,year,cm,,7.79138,320.68,NA,-9,-9,-9
SD,France,2024,Quarter,4,OTB_DEF_>=70_0_0,NA,27.8.a,,SOL,sol.27.8ab,LAN,R-Reported,Undetermined,Age,8,-9,-9,47,935,-9,-9,g,K,year,cm,,5.62657,440.09,NA,-9,-9,-9
SD,France,2024,Quarter,4,OTB_DEF_>=70_0_0,NA,27.8.a,,SOL,sol.27.8ab,LAN,R-Reported,Undetermined,Age,9,-9,-9,47,935,-9,-9,g,K,year,cm,,3.8351,358.38,NA,-9,-9,-9
SD,France,2024,Quarter,4,OTB_DEF_>=70_0_0,NA,27.8.a,,SOL,sol.27.8ab,LAN,R-Reported,Undetermined,Age,10,-9,-9,47,935,-9,-9,g,K,year,cm,,5.5995,525.91,NA,-9,-9,-9
SD,France,2024,Quarter,4,OTB_DEF_>=70_0_0,NA,27.8.a,,SOL,sol.27.8ab,LAN,R-Reported,Undetermined,Age,11,-9,-9,47,935,-9,-9,g,K,year,cm,,3.387,530.63,NA,-9,-9,-9
SD,France,2024,Quarter,4,OTB_DEF_>=70_0_0,NA,27.8.a,,SOL,sol.27.8ab,LAN,R-Reported,Undetermined,Age,12,-9,-9,47,935,-9,-9,g,K,year,cm,,1.15989,617.23,NA,-9,-9,-9
SD,France,2024,Quarter,4,OTB_DEF_>=70_0_0,NA,27.8.a,,SOL,sol.27.8ab,LAN,R-Reported,Undetermined,Age,13,-9,-9,47,935,-9,-9,g,K,year,cm,,3.10754,646.07,NA,-9,-9,-9
SD,France,2024,Quarter,4,OTB_DEF_>=70_0_0,NA,27.8.a,,SOL,sol.27.8ab,LAN,R-Reported,Undetermined,Age,14,-9,-9,47,935,-9,-9,g,K,year,cm,,1.49152,729.84,NA,-9,-9,-9
SD,France,2024,Quarter,3,GTR_DEF_all_0_0_all,NA,27.8.b,,SOL,sol.27.8ab,LAN,R-Reported,Undetermined,Age,1,-9,-9,3,26,-9,-9,g,K,year,cm,,0.01728,214.74,NA,-9,-9,-9
SD,France,2024,Quarter,3,GTR_DEF_all_0_0_all,NA,27.8.b,,SOL,sol.27.8ab,LAN,R-Reported,Undetermined,Age,2,-9,-9,3,26,-9,-9,g,K,year,cm,,0.3184,279.46,NA,-9,-9,-9
SD,France,2024,Quarter,3,GTR_DEF_all_0_0_all,NA,27.8.b,,SOL,sol.27.8ab,LAN,R-Reported,Undetermined,Age,3,-9,-9,3,26,-9,-9,g,K,year,cm,,0.39275,335.25,NA,-9,-9,-9
SD,France,2024,Quarter,3,GTR_DEF_all_0_0_all,NA,27.8.b,,SOL,sol.27.8ab,LAN,R-Reported,Undetermined,Age,4,-9,-9,3,26,-9,-9,g,K,year,cm,,0.12693,401.74,NA,-9,-9,-9
SD,France,2024,Quarter,3,GTR_DEF_all_0_0_all,NA,27.8.b,,SOL,sol.27.8ab,LAN,R-Reported,Undetermined,Age,5,-9,-9,3,26,-9,-9,g,K,year,cm,,0.03912,405.96,NA,-9,-9,-9
SD,France,2024,Quarter,3,GTR_DEF_all_0_0_all,NA,27.8.b,,SOL,sol.27.8ab,LAN,R-Reported,Undetermined,Age,6,-9,-9,3,26,-9,-9,g,K,year,cm,,0.01305,404.75,NA,-9,-9,-9
SD,France,2024,Quarter,3,GTR_DEF_all_0_0_all,NA,27.8.b,,SOL,sol.27.8ab,LAN,R-Reported,Undetermined,Age,7,-9,-9,3,26,-9,-9,g,K,year,cm,,0.01353,416.37,NA,-9,-9,-9
SD,France,2024,Quarter,3,GTR_DEF_all_0_0_all,NA,27.8.b,,SOL,sol.27.8ab,LAN,R-Reported,Undetermined,Age,8,-9,-9,3,26,-9,-9,g,K,year,cm,,0.00241,557,NA,-9,-9,-9
SD,France,2024,Quarter,3,GTR_DEF_all_0_0_all,NA,27.8.b,,SOL,sol.27.8ab,LAN,R-Reported,Undetermined,Age,11,-9,-9,3,26,-9,-9,g,K,year,cm,,0.00241,558,NA,-9,-9,-9
SD,France,2024,Quarter,2,OTT_DEF_>=70_0_0,NA,27.8.a,,SOL,sol.27.8ab,LAN,R-Reported,Undetermined,Age,2,-9,-9,2,128,-9,-9,g,K,year,cm,,0.43227,347.57,NA,-9,-9,-9
SD,France,2024,Quarter,2,OTT_DEF_>=70_0_0,NA,27.8.a,,SOL,sol.27.8ab,LAN,R-Reported,Undetermined,Age,3,-9,-9,2,128,-9,-9,g,K,year,cm,,1.2322,415.48,NA,-9,-9,-9
SD,France,2024,Quarter,2,OTT_DEF_>=70_0_0,NA,27.8.a,,SOL,sol.27.8ab,LAN,R-Reported,Undetermined,Age,4,-9,-9,2,128,-9,-9,g,K,year,cm,,1.11132,424,NA,-9,-9,-9
SD,France,2024,Quarter,2,OTT_DEF_>=70_0_0,NA,27.8.a,,SOL,sol.27.8ab,LAN,R-Reported,Undetermined,Age,5,-9,-9,2,128,-9,-9,g,K,year,cm,,1.33605,402.93,NA,-9,-9,-9
SD,France,2024,Quarter,2,OTT_DEF_>=70_0_0,NA,27.8.a,,SOL,sol.27.8ab,LAN,R-Reported,Undetermined,Age,6,-9,-9,2,128,-9,-9,g,K,year,cm,,1.91929,557.53,NA,-9,-9,-9
SD,France,2024,Quarter,2,OTT_DEF_>=70_0_0,NA,27.8.a,,SOL,sol.27.8ab,LAN,R-Reported,Undetermined,Age,7,-9,-9,2,128,-9,-9,g,K,year,cm,,2.0858,542.53,NA,-9,-9,-9
SD,France,2024,Quarter,2,OTT_DEF_>=70_0_0,NA,27.8.a,,SOL,sol.27.8ab,LAN,R-Reported,Undetermined,Age,8,-9,-9,2,128,-9,-9,g,K,year,cm,,1.60195,623.58,NA,-9,-9,-9
SD,France,2024,Quarter,2,OTT_DEF_>=70_0_0,NA,27.8.a,,SOL,sol.27.8ab,LAN,R-Reported,Undetermined,Age,9,-9,-9,2,128,-9,-9,g,K,year,cm,,1.76286,643.6,NA,-9,-9,-9
SD,France,2024,Quarter,2,OTT_DEF_>=70_0_0,NA,27.8.a,,SOL,sol.27.8ab,LAN,R-Reported,Undetermined,Age,10,-9,-9,2,128,-9,-9,g,K,year,cm,,0.27876,524.45,NA,-9,-9,-9
SD,France,2024,Quarter,2,OTT_DEF_>=70_0_0,NA,27.8.a,,SOL,sol.27.8ab,LAN,R-Reported,Undetermined,Age,12,-9,-9,2,128,-9,-9,g,K,year,cm,,0.17087,434.87,NA,-9,-9,-9
SD,France,2024,Quarter,2,OTT_DEF_>=70_0_0,NA,27.8.a,,SOL,sol.27.8ab,LAN,R-Reported,Undetermined,Age,13,-9,-9,2,128,-9,-9,g,K,year,cm,,0.1043,358,NA,-9,-9,-9
SD,France,2024,Quarter,2,OTT_DEF_>=70_0_0,NA,27.8.a,,SOL,sol.27.8ab,LAN,R-Reported,Undetermined,Age,14,-9,-9,2,128,-9,-9,g,K,year,cm,,0.45106,619,NA,-9,-9,-9
SD,France,2024,Quarter,2,GNS_DEF_100-119_0_0_all,NA,27.8.b,,SOL,sol.27.8ab,LAN,R-Reported,Undetermined,Age,2,-9,-9,2,74,-9,-9,g,K,year,cm,,0.21621,337.11,NA,-9,-9,-9
SD,France,2024,Quarter,2,GNS_DEF_100-119_0_0_all,NA,27.8.b,,SOL,sol.27.8ab,LAN,R-Reported,Undetermined,Age,3,-9,-9,2,74,-9,-9,g,K,year,cm,,0.72869,331.86,NA,-9,-9,-9
SD,France,2024,Quarter,2,GNS_DEF_100-119_0_0_all,NA,27.8.b,,SOL,sol.27.8ab,LAN,R-Reported,Undetermined,Age,4,-9,-9,2,74,-9,-9,g,K,year,cm,,0.59604,361.19,NA,-9,-9,-9
SD,France,2024,Quarter,2,GNS_DEF_100-119_0_0_all,NA,27.8.b,,SOL,sol.27.8ab,LAN,R-Reported,Undetermined,Age,5,-9,-9,2,74,-9,-9,g,K,year,cm,,0.61236,330.82,NA,-9,-9,-9
SD,France,2024,Quarter,2,GNS_DEF_100-119_0_0_all,NA,27.8.b,,SOL,sol.27.8ab,LAN,R-Reported,Undetermined,Age,6,-9,-9,2,74,-9,-9,g,K,year,cm,,0.5108,468.5,NA,-9,-9,-9
SD,France,2024,Quarter,2,GNS_DEF_100-119_0_0_all,NA,27.8.b,,SOL,sol.27.8ab,LAN,R-Reported,Undetermined,Age,7,-9,-9,2,74,-9,-9,g,K,year,cm,,0.67006,445.21,NA,-9,-9,-9
SD,France,2024,Quarter,2,GNS_DEF_100-119_0_0_all,NA,27.8.b,,SOL,sol.27.8ab,LAN,R-Reported,Undetermined,Age,8,-9,-9,2,74,-9,-9,g,K,year,cm,,0.40584,559.55,NA,-9,-9,-9
SD,France,2024,Quarter,2,GNS_DEF_100-119_0_0_all,NA,27.8.b,,SOL,sol.27.8ab,LAN,R-Reported,Undetermined,Age,9,-9,-9,2,74,-9,-9,g,K,year,cm,,0.40302,621.64,NA,-9,-9,-9
SD,France,2024,Quarter,2,GNS_DEF_100-119_0_0_all,NA,27.8.b,,SOL,sol.27.8ab,LAN,R-Reported,Undetermined,Age,10,-9,-9,2,74,-9,-9,g,K,year,cm,,0.06606,496.9,NA,-9,-9,-9
SD,France,2024,Quarter,2,GNS_DEF_100-119_0_0_all,NA,27.8.b,,SOL,sol.27.8ab,LAN,R-Reported,Undetermined,Age,11,-9,-9,2,74,-9,-9,g,K,year,cm,,0.00267,173,NA,-9,-9,-9
SD,France,2024,Quarter,2,GNS_DEF_100-119_0_0_all,NA,27.8.b,,SOL,sol.27.8ab,LAN,R-Reported,Undetermined,Age,12,-9,-9,2,74,-9,-9,g,K,year,cm,,0.05171,431.84,NA,-9,-9,-9
SD,France,2024,Quarter,2,GNS_DEF_100-119_0_0_all,NA,27.8.b,,SOL,sol.27.8ab,LAN,R-Reported,Undetermined,Age,13,-9,-9,2,74,-9,-9,g,K,year,cm,,0.02261,358,NA,-9,-9,-9
SD,France,2024,Quarter,2,GNS_DEF_100-119_0_0_all,NA,27.8.b,,SOL,sol.27.8ab,LAN,R-Reported,Undetermined,Age,14,-9,-9,2,74,-9,-9,g,K,year,cm,,0.06368,619,NA,-9,-9,-9
SD,France,2024,Quarter,1,OTT_DEF_>=70_0_0,NA,27.8.a,,SOL,sol.27.8ab,LAN,R-Reported,Undetermined,Age,2,-9,-9,4,400,-9,-9,g,K,year,cm,,2.20808,163.56,NA,-9,-9,-9
SD,France,2024,Quarter,1,OTT_DEF_>=70_0_0,NA,27.8.a,,SOL,sol.27.8ab,LAN,R-Reported,Undetermined,Age,3,-9,-9,4,400,-9,-9,g,K,year,cm,,11.30184,267.36,NA,-9,-9,-9
SD,France,2024,Quarter,1,OTT_DEF_>=70_0_0,NA,27.8.a,,SOL,sol.27.8ab,LAN,R-Reported,Undetermined,Age,4,-9,-9,4,400,-9,-9,g,K,year,cm,,15.54826,510.02,NA,-9,-9,-9
SD,France,2024,Quarter,1,OTT_DEF_>=70_0_0,NA,27.8.a,,SOL,sol.27.8ab,LAN,R-Reported,Undetermined,Age,5,-9,-9,4,400,-9,-9,g,K,year,cm,,9.20183,517.69,NA,-9,-9,-9
SD,France,2024,Quarter,1,OTT_DEF_>=70_0_0,NA,27.8.a,,SOL,sol.27.8ab,LAN,R-Reported,Undetermined,Age,6,-9,-9,4,400,-9,-9,g,K,year,cm,,6.92661,457.54,NA,-9,-9,-9
SD,France,2024,Quarter,1,OTT_DEF_>=70_0_0,NA,27.8.a,,SOL,sol.27.8ab,LAN,R-Reported,Undetermined,Age,7,-9,-9,4,400,-9,-9,g,K,year,cm,,5.79416,591.97,NA,-9,-9,-9
SD,France,2024,Quarter,1,OTT_DEF_>=70_0_0,NA,27.8.a,,SOL,sol.27.8ab,LAN,R-Reported,Undetermined,Age,8,-9,-9,4,400,-9,-9,g,K,year,cm,,4.6954,670.32,NA,-9,-9,-9
SD,France,2024,Quarter,1,OTT_DEF_>=70_0_0,NA,27.8.a,,SOL,sol.27.8ab,LAN,R-Reported,Undetermined,Age,9,-9,-9,4,400,-9,-9,g,K,year,cm,,3.43137,723.11,NA,-9,-9,-9
SD,France,2024,Quarter,1,OTT_DEF_>=70_0_0,NA,27.8.a,,SOL,sol.27.8ab,LAN,R-Reported,Undetermined,Age,10,-9,-9,4,400,-9,-9,g,K,year,cm,,2.41148,742.75,NA,-9,-9,-9
SD,France,2024,Quarter,1,OTT_DEF_>=70_0_0,NA,27.8.a,,SOL,sol.27.8ab,LAN,R-Reported,Undetermined,Age,11,-9,-9,4,400,-9,-9,g,K,year,cm,,1.48194,698.92,NA,-9,-9,-9
SD,France,2024,Quarter,1,OTT_DEF_>=70_0_0,NA,27.8.a,,SOL,sol.27.8ab,LAN,R-Reported,Undetermined,Age,15,-9,-9,4,400,-9,-9,g,K,year,cm,,0.45086,619,NA,-9,-9,-9
SD,France,2024,Quarter,1,OTT_DEF_>=70_0_0,NA,27.8.a,,SOL,sol.27.8ab,LAN,R-Reported,Undetermined,Age,16,-9,-9,4,400,-9,-9,g,K,year,cm,,2.27739,963,NA,-9,-9,-9
SD,France,2024,Quarter,1,OTT_DEF_>=70_0_0,NA,27.8.a,,SOL,sol.27.8ab,LAN,R-Reported,Undetermined,Age,17,-9,-9,4,400,-9,-9,g,K,year,cm,,0.21746,372,NA,-9,-9,-9
SD,France,2024,Quarter,1,OTT_DEF_>=70_0_0,NA,27.8.a,,SOL,sol.27.8ab,LAN,R-Reported,Undetermined,Age,21,-9,-9,4,400,-9,-9,g,K,year,cm,,0.8549,797,NA,-9,-9,-9
SD,France,2024,Quarter,4,GNS_DEF_100-119_0_0_all,NA,27.8.a,,SOL,sol.27.8ab,LAN,R-Reported,Undetermined,Age,1,-9,-9,7,35,-9,-9,g,K,year,cm,,0.01229,175.34,NA,-9,-9,-9
SD,France,2024,Quarter,4,GNS_DEF_100-119_0_0_all,NA,27.8.a,,SOL,sol.27.8ab,LAN,R-Reported,Undetermined,Age,2,-9,-9,7,35,-9,-9,g,K,year,cm,,0.24754,245.62,NA,-9,-9,-9
SD,France,2024,Quarter,4,GNS_DEF_100-119_0_0_all,NA,27.8.a,,SOL,sol.27.8ab,LAN,R-Reported,Undetermined,Age,3,-9,-9,7,35,-9,-9,g,K,year,cm,,0.41248,435.52,NA,-9,-9,-9
SD,France,2024,Quarter,4,GNS_DEF_100-119_0_0_all,NA,27.8.a,,SOL,sol.27.8ab,LAN,R-Reported,Undetermined,Age,4,-9,-9,7,35,-9,-9,g,K,year,cm,,0.62103,447.38,NA,-9,-9,-9
SD,France,2024,Quarter,4,GNS_DEF_100-119_0_0_all,NA,27.8.a,,SOL,sol.27.8ab,LAN,R-Reported,Undetermined,Age,5,-9,-9,7,35,-9,-9,g,K,year,cm,,0.18732,403.96,NA,-9,-9,-9
SD,France,2024,Quarter,4,GNS_DEF_100-119_0_0_all,NA,27.8.a,,SOL,sol.27.8ab,LAN,R-Reported,Undetermined,Age,6,-9,-9,7,35,-9,-9,g,K,year,cm,,0.1424,416.07,NA,-9,-9,-9
SD,France,2024,Quarter,4,GNS_DEF_100-119_0_0_all,NA,27.8.a,,SOL,sol.27.8ab,LAN,R-Reported,Undetermined,Age,7,-9,-9,7,35,-9,-9,g,K,year,cm,,0.12457,377.98,NA,-9,-9,-9
SD,France,2024,Quarter,4,GNS_DEF_100-119_0_0_all,NA,27.8.a,,SOL,sol.27.8ab,LAN,R-Reported,Undetermined,Age,8,-9,-9,7,35,-9,-9,g,K,year,cm,,0.25744,610.95,NA,-9,-9,-9
SD,France,2024,Quarter,4,GNS_DEF_100-119_0_0_all,NA,27.8.a,,SOL,sol.27.8ab,LAN,R-Reported,Undetermined,Age,9,-9,-9,7,35,-9,-9,g,K,year,cm,,0.11419,417.75,NA,-9,-9,-9
SD,France,2024,Quarter,4,GNS_DEF_100-119_0_0_all,NA,27.8.a,,SOL,sol.27.8ab,LAN,R-Reported,Undetermined,Age,10,-9,-9,7,35,-9,-9,g,K,year,cm,,0.60501,615.11,NA,-9,-9,-9
SD,France,2024,Quarter,4,GNS_DEF_100-119_0_0_all,NA,27.8.a,,SOL,sol.27.8ab,LAN,R-Reported,Undetermined,Age,11,-9,-9,7,35,-9,-9,g,K,year,cm,,0.39291,732.35,NA,-9,-9,-9
SD,France,2024,Quarter,4,GNS_DEF_100-119_0_0_all,NA,27.8.a,,SOL,sol.27.8ab,LAN,R-Reported,Undetermined,Age,12,-9,-9,7,35,-9,-9,g,K,year,cm,,0.17936,617.23,NA,-9,-9,-9
SD,France,2024,Quarter,4,GNS_DEF_100-119_0_0_all,NA,27.8.a,,SOL,sol.27.8ab,LAN,R-Reported,Undetermined,Age,13,-9,-9,7,35,-9,-9,g,K,year,cm,,0.44362,580.6,NA,-9,-9,-9
SD,France,2024,Quarter,4,GNS_DEF_100-119_0_0_all,NA,27.8.a,,SOL,sol.27.8ab,LAN,R-Reported,Undetermined,Age,14,-9,-9,7,35,-9,-9,g,K,year,cm,,0.27585,729.84,NA,-9,-9,-9
SD,France,2024,Quarter,2,GTR_DEF_100-119_0_0_all,NA,27.8.a,,SOL,sol.27.8ab,LAN,R-Reported,Undetermined,Age,2,-9,-9,54,1177,-9,-9,g,K,year,cm,,24.37727,321.64,NA,-9,-9,-9
SD,France,2024,Quarter,2,GTR_DEF_100-119_0_0_all,NA,27.8.a,,SOL,sol.27.8ab,LAN,R-Reported,Undetermined,Age,3,-9,-9,54,1177,-9,-9,g,K,year,cm,,79.49768,258.53,NA,-9,-9,-9
SD,France,2024,Quarter,2,GTR_DEF_100-119_0_0_all,NA,27.8.a,,SOL,sol.27.8ab,LAN,R-Reported,Undetermined,Age,4,-9,-9,54,1177,-9,-9,g,K,year,cm,,60.00355,280.4,NA,-9,-9,-9
SD,France,2024,Quarter,2,GTR_DEF_100-119_0_0_all,NA,27.8.a,,SOL,sol.27.8ab,LAN,R-Reported,Undetermined,Age,5,-9,-9,54,1177,-9,-9,g,K,year,cm,,66.92839,271.1,NA,-9,-9,-9
SD,France,2024,Quarter,2,GTR_DEF_100-119_0_0_all,NA,27.8.a,,SOL,sol.27.8ab,LAN,R-Reported,Undetermined,Age,6,-9,-9,54,1177,-9,-9,g,K,year,cm,,34.31456,371.17,NA,-9,-9,-9
SD,France,2024,Quarter,2,GTR_DEF_100-119_0_0_all,NA,27.8.a,,SOL,sol.27.8ab,LAN,R-Reported,Undetermined,Age,7,-9,-9,54,1177,-9,-9,g,K,year,cm,,44.16733,340.67,NA,-9,-9,-9
SD,France,2024,Quarter,2,GTR_DEF_100-119_0_0_all,NA,27.8.a,,SOL,sol.27.8ab,LAN,R-Reported,Undetermined,Age,8,-9,-9,54,1177,-9,-9,g,K,year,cm,,21.88561,421.04,NA,-9,-9,-9
SD,France,2024,Quarter,2,GTR_DEF_100-119_0_0_all,NA,27.8.a,,SOL,sol.27.8ab,LAN,R-Reported,Undetermined,Age,9,-9,-9,54,1177,-9,-9,g,K,year,cm,,21.08957,526.98,NA,-9,-9,-9
SD,France,2024,Quarter,2,GTR_DEF_100-119_0_0_all,NA,27.8.a,,SOL,sol.27.8ab,LAN,R-Reported,Undetermined,Age,10,-9,-9,54,1177,-9,-9,g,K,year,cm,,3.73403,398.25,NA,-9,-9,-9
SD,France,2024,Quarter,2,GTR_DEF_100-119_0_0_all,NA,27.8.a,,SOL,sol.27.8ab,LAN,R-Reported,Undetermined,Age,11,-9,-9,54,1177,-9,-9,g,K,year,cm,,1.83234,173,NA,-9,-9,-9
SD,France,2024,Quarter,2,GTR_DEF_100-119_0_0_all,NA,27.8.a,,SOL,sol.27.8ab,LAN,R-Reported,Undetermined,Age,12,-9,-9,54,1177,-9,-9,g,K,year,cm,,5.23036,339.43,NA,-9,-9,-9
SD,France,2024,Quarter,2,GTR_DEF_100-119_0_0_all,NA,27.8.a,,SOL,sol.27.8ab,LAN,R-Reported,Undetermined,Age,13,-9,-9,54,1177,-9,-9,g,K,year,cm,,0.97816,358,NA,-9,-9,-9
SD,France,2024,Quarter,2,GTR_DEF_100-119_0_0_all,NA,27.8.a,,SOL,sol.27.8ab,LAN,R-Reported,Undetermined,Age,14,-9,-9,54,1177,-9,-9,g,K,year,cm,,3.43467,619,NA,-9,-9,-9
SD,France,2024,Quarter,2,GTR_DEF_40-59_0_0,NA,27.8.a,,SOL,sol.27.8ab,LAN,R-Reported,Undetermined,Age,2,-9,-9,6,24,-9,-9,g,K,year,cm,,2.56399,326.05,NA,-9,-9,-9
SD,France,2024,Quarter,2,GTR_DEF_40-59_0_0,NA,27.8.a,,SOL,sol.27.8ab,LAN,R-Reported,Undetermined,Age,3,-9,-9,6,24,-9,-9,g,K,year,cm,,4.65326,305.29,NA,-9,-9,-9
SD,France,2024,Quarter,2,GTR_DEF_40-59_0_0,NA,27.8.a,,SOL,sol.27.8ab,LAN,R-Reported,Undetermined,Age,4,-9,-9,6,24,-9,-9,g,K,year,cm,,4.42463,339.46,NA,-9,-9,-9
SD,France,2024,Quarter,2,GTR_DEF_40-59_0_0,NA,27.8.a,,SOL,sol.27.8ab,LAN,R-Reported,Undetermined,Age,5,-9,-9,6,24,-9,-9,g,K,year,cm,,4.61567,319.92,NA,-9,-9,-9
SD,France,2024,Quarter,2,GTR_DEF_40-59_0_0,NA,27.8.a,,SOL,sol.27.8ab,LAN,R-Reported,Undetermined,Age,6,-9,-9,6,24,-9,-9,g,K,year,cm,,3.04736,386.56,NA,-9,-9,-9
SD,France,2024,Quarter,2,GTR_DEF_40-59_0_0,NA,27.8.a,,SOL,sol.27.8ab,LAN,R-Reported,Undetermined,Age,7,-9,-9,6,24,-9,-9,g,K,year,cm,,2.53825,392.89,NA,-9,-9,-9
SD,France,2024,Quarter,2,GTR_DEF_40-59_0_0,NA,27.8.a,,SOL,sol.27.8ab,LAN,R-Reported,Undetermined,Age,8,-9,-9,6,24,-9,-9,g,K,year,cm,,1.70911,422.98,NA,-9,-9,-9
SD,France,2024,Quarter,2,GTR_DEF_40-59_0_0,NA,27.8.a,,SOL,sol.27.8ab,LAN,R-Reported,Undetermined,Age,9,-9,-9,6,24,-9,-9,g,K,year,cm,,1.01325,493.73,NA,-9,-9,-9
SD,France,2024,Quarter,2,GTR_DEF_40-59_0_0,NA,27.8.a,,SOL,sol.27.8ab,LAN,R-Reported,Undetermined,Age,10,-9,-9,6,24,-9,-9,g,K,year,cm,,0.34736,473.27,NA,-9,-9,-9
SD,France,2024,Quarter,2,GTR_DEF_40-59_0_0,NA,27.8.a,,SOL,sol.27.8ab,LAN,R-Reported,Undetermined,Age,11,-9,-9,6,24,-9,-9,g,K,year,cm,,0.16605,173,NA,-9,-9,-9
SD,France,2024,Quarter,2,GTR_DEF_40-59_0_0,NA,27.8.a,,SOL,sol.27.8ab,LAN,R-Reported,Undetermined,Age,12,-9,-9,6,24,-9,-9,g,K,year,cm,,0.71112,363.33,NA,-9,-9,-9
SD,France,2024,Quarter,2,GTR_DEF_40-59_0_0,NA,27.8.a,,SOL,sol.27.8ab,LAN,R-Reported,Undetermined,Age,13,-9,-9,6,24,-9,-9,g,K,year,cm,,0.26344,358,NA,-9,-9,-9
SD,France,2024,Quarter,2,GTR_DEF_40-59_0_0,NA,27.8.a,,SOL,sol.27.8ab,LAN,R-Reported,Undetermined,Age,14,-9,-9,6,24,-9,-9,g,K,year,cm,,1.34453,664.87,NA,-9,-9,-9
